Financial Year,Name,PAN,Age,Gender,Residential Status,Gross Annual Salary,HRA Received,Rent Paid,Basic Salary,Standard Deduction Claimed,Interest on Home Loan Deduction (Section 24(b)),Section 80C Investments Claimed,Section 80D (Health Insurance Premiums) Claimed,Section 80E (Education Loan Interest) Claimed,"Other Deductions (80CCD, 80G, etc.) Claimed",Total Exempt Allowances Claimed,Net Taxable Income,Tax Regime Chosen,Final Tax Payable,Advance Tax Paid,Refund Due,Tax Due,Professional Tax
FY 2023-24,Upkaar Mital,PJELT7618O,46,Female,Resident,692983,88508,87524,333696,50000,0,98472,0,0,0.0,54154.4,490356.6,Old,0,0,0,0,2400
FY 2024-25,Qabil Khatri,WZBXS7497Z,67,Female,Resident,2088633,0,0,1205567,50000,273888,0,0,0,0.0,0.0,1764745.0,New,228200,261144,32944,0,2400
FY 2024-25,Theodore Bath,WNDMR4393Y,58,Male,Resident,2130729,349181,447332,1075340,50000,397585,0,0,0,0.0,0.0,1683144.0,New,202740,164234,0,38506,2400
FY 2023-24,Alka Pant,ZDSYS9431C,68,Female,NRI,678229,74552,142444,359782,50000,200000,138175,0,117526,0.0,74552.0,97976.0,Old,0,0,0,0,2400
FY 2024-25,Liam Merchant,TJHFR0577P,24,Female,Resident,7758468,840789,737282,3914870,50000,0,150000,7788,0,398449.0,345795.0,6806436.0,Old,2121468,1975696,0,145772,2400
FY 2023-24,Brinda Dani,OGZTB1109H,70,Male,Resident,1016388,0,0,430896,50000,0,0,0,0,27023.0,0.0,939365.0,New,52941,51273,0,1668,2400
FY 2024-25,Varsha Saxena,ZFQLV4752F,78,Female,Resident,19402352,0,0,9197129,50000,608820,0,0,0,0.0,0.0,18743532.0,New,6354418,7049051,694633,0,2400
FY 2024-25,Priya Pandit,ZQFRP6069F,57,Female,Resident,1743497,336694,234548,862333,50000,0,0,0,0,0.0,0.0,1693497.0,New,205970,245998,40028,0,2400
FY 2024-25,Raghav Keer,VRVIS7690Y,44,Female,Resident,4935899,0,0,2388239,50000,0,0,0,0,0.0,0.0,4885899.0,New,1202000,1324331,122331,0,2400
FY 2023-24,Hiral Ramakrishnan,QESIN7808M,28,Male,NRI,691310,138131,240527,286095,50000,0,0,50180,0,0.0,114438.0,476692.0,Old,11788,13709,1921,0,2400
FY 2023-24,Aarav Badami,GLMGS9184W,79,Male,Resident,407172,82044,57164,224675,50000,0,128893,0,0,56714.0,34696.5,136868.5,Old,0,0,0,0,2400
FY 2024-25,Pushti Nigam,QEWFJ0503O,42,Male,Resident,3979439,0,0,1672026,50000,0,0,0,0,0.0,0.0,3929439.0,New,903584,755918,0,147666,2400
FY 2023-24,Om Pillay,RBIJO4820L,74,Female,Resident,311416,0,0,144440,50000,0,6456,0,0,0.0,0.0,254960.0,Old,0,0,0,0,2400
FY 2024-25,Chaitanya Pandey,RNOSH3850V,79,Male,Resident,1189264,0,0,597963,50000,0,0,0,0,0.0,0.0,1139264.0,New,73725,81889,8164,0,2400
FY 2023-24,Nirja Pai,WZLQW5174Q,31,Female,Resident,451566,111353,66999,254716,50000,0,37412,14154,0,0.0,41527.4,308472.6,Old,0,0,0,0,2400
FY 2024-25,Anya Kurian,HRKVA4577W,63,Male,Resident,17777198,3668905,2973247,8473641,50000,123789,65101,49554,0,46244.5,2125882.9,15316626.6,Old,5268365,6175832,907467,0,2400
FY 2024-25,Nathaniel Brahmbhatt,PSKZJ1683N,76,Male,Resident,17851555,0,0,7229550,50000,0,0,0,0,742969.0,0.0,17058586.0,New,5749860,4843773,0,906087,2400
FY 2023-24,Jeremiah Tank,BOWXL7130K,34,Male,Resident,435499,58794,91651,205455,50000,0,99415,15734,0,0.0,58794.0,211556.0,Old,0,0,0,0,2400
FY 2023-24,Dominic Pradhan,GATJX5959O,74,Female,Resident,1836379,370886,318514,813453,50000,0,0,0,0,81345.3,0.0,1705033.7,New,219970,225213,5243,0,2400
FY 2024-25,Krish Barman,UUZGB3151I,47,Female,Resident,5499041,948734,1645535,2524869,50000,0,0,8051,0,0.0,948734.0,4492256.0,Old,1206583,1429450,222867,0,2400
FY 2023-24,Upasna Puri,PZGAT2414I,66,Male,Resident,538216,0,0,220660,50000,0,29112,0,0,0.0,0.0,459104.0,Old,0,0,0,0,2400
FY 2023-24,Lopa Dixit,UHTII7872E,54,Male,NRI,414004,74074,119965,189715,50000,0,32756,75000,0,0.0,74074.0,182174.0,Old,0,0,0,0,2400
FY 2024-25,Parth Bali,CPUCD4601W,39,Male,NRI,457380,60956,90658,226433,50000,0,131435,29307,0,0.0,60956.0,185682.0,Old,0,0,0,0,2400
FY 2023-24,Niharika Mander,IRJTE6006W,52,Male,Resident,2308238,0,0,1159132,50000,0,0,0,0,0.0,0.0,2258238.0,New,392569,322948,0,69621,2400
FY 2024-25,Chasmum Kumar,TEEFH4605Y,48,Male,Resident,409872,56536,101973,223717,50000,0,150000,51638,0,0.0,56536.0,101698.0,Old,0,0,0,0,2400
FY 2024-25,Zaitra Kanda,PQJGB1036D,36,Male,NRI,1657164,211478,178823,934426,50000,107279,0,0,0,106379.0,0.0,1393506.0,New,123449,132021,8572,0,2400
FY 2023-24,Samar Hans,LXEQT6552F,26,Male,Resident,908905,103920,88148,375213,50000,0,0,0,0,0.0,0.0,858905.0,New,42526,42680,154,0,2400
FY 2023-24,Hema Dutta,VGMNE3658U,49,Female,Resident,7105520,768234,794993,2967679,50000,242041,150000,0,0,395958.9,498225.1,5769295.0,Old,1765521,1473237,0,292284,2400
FY 2024-25,Ishani Chawla,DHADT4178L,71,Male,Resident,6669396,0,0,3380858,50000,0,0,0,0,0.0,0.0,6619396.0,New,1917136,2152878,235742,0,2400
FY 2023-24,Frado Sahni,RVHIO2144I,59,Male,Resident,990250,0,0,435147,50000,0,0,0,0,0.0,0.0,940250.0,New,53079,42605,0,10474,2400
FY 2024-25,Aashi Bora,HBFOQ5267F,56,Female,Resident,2310175,0,0,1171465,50000,0,0,0,0,9045.0,0.0,2251130.0,New,379952,304466,0,75486,2400
FY 2023-24,Ayushman Sant,XOTKX4879Y,83,Male,Resident,2443232,510042,741385,1046883,50000,111765,116855,46498,0,0.0,510042.0,1608072.0,Old,293718,257867,0,35851,2400
FY 2023-24,Naksh Deol,BYEDM0732U,42,Male,RNOR,425074,74754,66382,212114,50000,0,53274,50142,0,0.0,45170.6,226487.4,Old,0,0,0,0,2400
FY 2024-25,Samaksh Sathe,QLSLV2893F,45,Male,Resident,2263564,0,0,1012629,50000,0,0,0,0,0.0,0.0,2213564.0,New,368231,390533,22302,0,2400
FY 2023-24,Utkarsh Mishra,YAECN2104D,65,Male,Resident,6436318,0,0,3066885,50000,0,0,0,0,0.0,0.0,6386318.0,New,1848583,1756280,0,92303,2400
FY 2023-24,Nathan Kadakia,LUHHV3235H,43,Male,Resident,1948694,378178,676411,823970,50000,0,150000,2097,0,43528.0,378178.0,1324891.0,Old,218365,195078,0,23287,2400
FY 2024-25,Matthew Menon,LNRFW5427O,49,Female,NRI,809909,138197,84290,427862,50000,200000,150000,25000,0,0.0,41503.8,343405.19999999995,Old,4857,5556,699,0,2400
FY 2024-25,Sara Kari,TLOIX7155J,35,Female,Resident,348796,0,0,172594,50000,0,150000,52263,0,9653.3,0.0,86879.70000000001,Old,0,0,0,0,2400
FY 2024-25,Jairaj Sule,RSWBE1639S,57,Male,Resident,455887,114585,108042,245844,50000,0,83764,36650,133485,0.0,83457.6,68530.40000000002,Old,0,0,0,0,2400
FY 2024-25,Arya Sastry,YZNNC6663N,45,Male,Resident,1476519,341354,303404,712400,50000,0,0,0,0,88814.0,0.0,1337705.0,New,111842,111152,0,690,2400
FY 2024-25,Aashi Vohra,ZJUSV4826Z,76,Male,Resident,532702,0,0,244049,50000,0,64446,0,0,84166.86,0.0,334089.14,Old,0,0,0,0,2400
FY 2023-24,Champak Sami,SXSWU8889R,27,Female,Resident,1452202,0,0,733407,50000,0,0,0,0,0.0,0.0,1402202.0,New,135657,150122,14465,0,2400
FY 2023-24,Jonathan Tandon,ANTCG9016K,62,Female,Resident,374454,0,0,173164,50000,0,101051,61714,84810,0.0,0.0,76879.0,Old,0,0,0,0,2400
FY 2023-24,Chaaya Bali,CLDJM2984I,49,Male,Resident,507695,135575,81624,282459,50000,0,0,0,0,40431.69,53378.1,363885.21,Old,0,0,0,0,2400
FY 2023-24,Chanchal Thaker,ZYOSZ8530M,29,Female,Resident,5997617,1116744,964259,3171664,50000,0,12563,0,0,0.0,647092.6,5287961.4,Old,1600328,1638658,38330,0,2400
FY 2023-24,Radha Madan,WXKZV1718I,32,Male,Resident,19643777,4498888,3000592,10576780,50000,0,73851,54674,0,0.0,1942914.0,17522338.0,Old,6062764,6405594,342830,0,2400
FY 2023-24,Xiti Chaudhari,ETNTT8392T,81,Male,NRI,528583,77969,113140,270570,50000,0,0,0,0,0.0,77969.0,400614.0,Old,7832,8630,798,0,2400
FY 2023-24,Garima Gara,RLVRM1303W,29,Female,Resident,1162096,156962,267375,623472,50000,200000,42402,0,0,0.0,156962.0,712732.0,Old,57248,52993,0,4255,2400
FY 2024-25,Raghav Subramanian,TTWUT6184L,83,Female,Resident,662715,96416,107910,265106,50000,0,150000,0,0,38131.56,81399.4,343184.04,Old,0,0,0,0,2400
FY 2023-24,Warda Chaudhari,POKES3555Z,53,Female,Resident,318917,0,0,153253,50000,0,143940,0,0,0.0,0.0,124977.0,Old,0,0,0,0,2400
FY 2023-24,Isha Dutt,ZWLAC2577B,58,Female,Resident,613084,99343,187789,365804,50000,200000,150000,32535,0,82907.0,99343.0,0.0,Old,0,0,0,0,2400
FY 2023-24,Aishani Panchal,OYBHK7659M,59,Male,Resident,6836264,0,0,3044918,50000,0,0,0,0,235244.0,0.0,6551020.0,New,1905109,2070410,165301,0,2400
FY 2023-24,Daksh Johal,SQFJV4249S,49,Male,Resident,471697,116168,145007,261575,50000,0,150000,5036,0,52097.0,104630.0,109934.0,Old,0,0,0,0,2400
FY 2023-24,Shivansh Bhardwaj,DAMPO7858A,84,Male,Resident,1890632,444588,605402,1001530,50000,0,0,30636,0,150153.0,400612.0,1259231.0,Old,184880,204803,19923,0,2400
FY 2024-25,Frederick Pant,CHTQW6216G,81,Female,Resident,6987550,793788,454943,3172642,50000,175047,150000,80272,136885,0.0,137678.8,6257667.2,Old,1918831,2194809,275978,0,2400
FY 2024-25,Yochana Chaudhari,OOQXX4613L,79,Female,Resident,1930710,0,0,1043850,50000,0,0,0,0,0.0,0.0,1880710.0,New,264381,284047,19666,0,2400
FY 2024-25,Abhiram Chaudhari,ZTFPX3524S,77,Male,Resident,1408026,146596,162949,603791,50000,183335,57021,7840,13534,0.0,102569.9,993726.1,Old,113095,124993,11898,0,2400
FY 2024-25,Samuel Venkataraman,VZULY3606N,84,Male,Resident,647735,112624,133199,376615,50000,0,0,25283,0,47691.45,95537.5,429223.05,Old,0,0,0,0,2400
FY 2023-24,Rajata Balasubramanian,YCVHU3687S,34,Female,Resident,18937199,3294186,3505255,7981289,50000,653130,123748,0,84160,0.0,2707126.1,15319034.9,Old,5272219,6224844,952625,0,2400
FY 2024-25,Waida Khatri,IHVEZ8330L,83,Male,Resident,323443,0,0,151445,50000,0,93268,0,0,0.0,0.0,180175.0,Old,0,0,0,0,2400
FY 2024-25,Widisha Toor,GLNPO2344M,30,Female,Resident,1462451,235964,343016,764711,50000,0,0,0,0,0.0,0.0,1412451.0,New,127389,130000,2611,0,2400
FY 2023-24,Michael Kanda,WHFAN0237V,38,Male,NRI,9696394,1060687,1593127,4134486,50000,0,74601,0,116015,0.0,1060687.0,8395091.0,Old,2666695,2870452,203757,0,2400
FY 2024-25,Alexander Deshmukh,LZLOG6347G,64,Female,Resident,350065,0,0,196076,50000,0,150000,21379,0,0.0,0.0,128686.0,Old,0,0,0,0,2400
FY 2023-24,Amrita Banerjee,NAWTH7254D,62,Male,Resident,693498,202076,189016,410807,50000,0,990,67749,0,0.0,147935.3,426823.7,Old,0,0,0,0,2400
FY 2023-24,Chavvi Prashad,QUGYP5124R,36,Male,Resident,2312041,0,0,1153396,50000,0,0,0,0,0.0,0.0,2262041.0,New,393756,460419,66663,0,2400
FY 2024-25,Onkar Kapadia,CVKAC8699Q,31,Male,Resident,535274,109097,85380,254722,50000,0,146560,2411,0,74372.0,59907.8,202023.2,Old,0,0,0,0,2400
FY 2024-25,Joshua Bansal,YGCXD0704T,76,Female,Resident,408311,74578,78596,224319,50000,0,48353,34056,0,0.0,56164.1,219737.9,Old,0,0,0,0,2400
FY 2024-25,Abha Hari,NLATP2037O,50,Female,Resident,1587551,0,0,945009,50000,0,0,0,0,0.0,0.0,1537551.0,New,157315,170335,13020,0,2400
FY 2023-24,Jalsa Chhabra,MFLBP2758L,58,Female,Resident,1683349,217025,327593,814378,50000,679536,150000,40163,0,117223.8,217025.0,429401.2,Old,0,0,0,0,2400
FY 2023-24,Ojasvi Narayan,EARXL7286Z,58,Male,Resident,1735364,0,0,863459,50000,0,0,0,0,0.0,0.0,1685364.0,New,213833,233480,19647,0,2400
FY 2023-24,Balvan Dhingra,HNZFA5298I,52,Female,Resident,693828,124572,147681,405064,50000,0,83682,0,59202,0.0,107174.6,393769.4,Old,0,0,0,0,2400
FY 2023-24,Hritik Andra,DBRFP7071M,64,Male,Resident,358587,0,0,189412,50000,0,21559,0,0,0.0,0.0,287028.0,Old,0,0,0,0,2400
FY 2023-24,Wakeeta Raj,VIRME8895W,44,Female,NRI,828536,0,0,411230,50000,0,0,0,0,41123.0,0.0,737413.0,New,29891,24582,0,5309,2400
FY 2023-24,Yatan Pai,BUIOD4234D,46,Male,NRI,351261,0,0,187750,50000,0,107684,0,0,63464.0,0.0,130113.0,Old,0,0,0,0,2400
FY 2023-24,Barkha Chatterjee,MKJNF5039H,58,Male,Resident,501246,95026,138052,272585,50000,0,42658,19627,0,0.0,95026.0,293935.0,Old,0,0,0,0,2400
FY 2023-24,Ganga Bala,OPJCB3303Y,39,Female,NRI,499870,76525,149918,286387,50000,0,39850,59314,116469,15771.2,76525.0,141940.8,Old,0,0,0,0,2400
FY 2024-25,Nikita Biswas,VUETW0650V,27,Female,Resident,16370232,2271093,2836725,6563929,50000,0,0,0,0,0.0,2180332.1,14139899.9,Old,4849145,5323305,474160,0,2400
FY 2024-25,Ikshita Hans,KULKG3632F,52,Female,Resident,1091554,177166,296285,469398,50000,0,0,0,0,0.0,0.0,1041554.0,New,58482,56037,0,2445,2400
FY 2023-24,Ucchal Gandhi,FWPOZ6561N,40,Female,Resident,4682931,661652,981724,2347172,50000,0,150000,32998,0,0.0,661652.0,3788281.0,Old,986943,1143274,156331,0,2400
FY 2024-25,Anthony Bedi,BSVJR0624C,43,Male,Resident,2238997,0,0,1072507,50000,534710,0,0,0,0.0,0.0,1654287.0,New,193737,220472,26735,0,2400
FY 2024-25,Edhitha Dhawan,GZPJM6041K,32,Male,Resident,1408270,230283,389870,727264,50000,0,101725,0,0,34109.0,230283.0,992153.0,Old,115368,136915,21547,0,2400
FY 2024-25,Suhani Balan,HUHXL1558L,54,Male,Resident,6402304,1004596,653789,3827343,50000,584681,106750,72618,0,498798.0,271054.69999999995,4818402.3,Old,1308341,1217751,0,90590,2400
FY 2023-24,Chasmum Shetty,RPHVM6510X,74,Male,Resident,1033353,0,0,476527,50000,200000,85633,68033,0,0.0,0.0,629687.0,Old,37375,32430,0,4945,2400
FY 2023-24,Ronith Ahuja,FGLMB2303V,35,Male,Resident,6192545,0,0,3295985,50000,0,0,0,0,0.0,0.0,6142545.0,New,1764921,1548922,0,215999,2400
FY 2023-24,Vansha Balakrishnan,WYWIK3826S,63,Female,Resident,327029,0,0,161051,50000,0,0,3181,0,0.0,0.0,273848.0,Old,0,0,0,0,2400
FY 2023-24,Gautami Lalla,RCDKZ8453L,26,Female,Resident,477083,85499,114151,278930,50000,0,70716,0,56929,3214.5,85499.0,210724.5,Old,0,0,0,0,2400
FY 2023-24,Tanvi Acharya,CPGHQ7525P,54,Male,Resident,3092566,659327,1016735,1686518,50000,0,133196,0,0,0.0,659327.0,2250043.0,Old,507013,426366,0,80647,2400
FY 2023-24,Ekaraj Modi,WOZDA1718X,50,Female,Resident,427251,56629,41670,171387,50000,0,0,29476,0,32324.370000000003,24531.3,290919.33,Old,0,0,0,0,2400
FY 2024-25,Oliver Handa,FBAGX8443W,22,Female,Resident,2346868,404148,584854,945798,50000,443944,150000,0,0,124681.0,404148.0,1174095.0,Old,171317,162233,0,9084,2400
FY 2023-24,Janani Barad,QOJPX7791O,56,Male,Resident,2372446,365781,382721,1308251,50000,0,0,0,0,0.0,0.0,2322446.0,New,412602,413194,592,0,2400
FY 2023-24,Meera Borah,ZDDTI4569P,68,Female,Resident,477095,60624,96287,269158,50000,0,92091,0,0,0.0,60624.0,274380.0,Old,0,0,0,0,2400
FY 2023-24,Fiyaz Sandal,ZLYFA9711E,77,Female,Resident,2324778,279802,463047,1032928,50000,235824,149699,0,0,0.0,279802.0,1609453.0,Old,304549,318526,13977,0,2400
FY 2024-25,Nidhi Naik,KHEIH2175J,66,Female,Resident,424805,0,0,170177,50000,0,40962,30311,0,0.0,0.0,303532.0,Old,0,0,0,0,2400
FY 2024-25,Mohini Anand,MEKYB5852F,62,Female,Resident,1848668,282833,164387,867121,50000,0,0,0,0,100615.0,0.0,1698053.0,New,207392,247886,40494,0,2400
FY 2023-24,Aayush Thaker,RRIZA7868V,50,Female,Resident,482848,68098,107696,223068,50000,0,0,0,0,0.0,68098.0,364750.0,Old,0,0,0,0,2400
FY 2023-24,Akshay Bail,MKCDD8541S,34,Male,Resident,3258360,0,0,1933319,50000,0,0,0,0,0.0,0.0,3208360.0,New,689007,605266,0,83741,2400
FY 2024-25,Saksham Tiwari,DYPSU2976N,69,Male,Resident,2215548,488830,596639,1280323,50000,0,0,26407,0,68426.0,468606.7,1602108.3,Old,302257,282690,0,19567,2400
FY 2024-25,Krish Saxena,YHCHO0256B,75,Male,Resident,1820322,187599,222492,914914,50000,0,0,0,0,128087.96,0.0,1642234.04,New,189976,171548,0,18428,2400
FY 2023-24,Riya Natt,TFXCB1868P,75,Female,Resident,3415732,475747,838451,1851648,50000,0,0,41175,0,0.0,475747.0,2848810.0,Old,691228,771787,80559,0,2400
FY 2024-25,Janya Rege,UYBJG1250T,30,Male,Resident,399480,0,0,177215,50000,0,124555,70050,0,0.0,0.0,154875.0,Old,0,0,0,0,2400
FY 2024-25,Nilima Nori,TZRUW8811M,63,Male,NRI,344259,0,0,186618,50000,0,144726,0,0,0.0,0.0,149533.0,Old,0,0,0,0,2400
FY 2023-24,Jhalak Gandhi,FLVJP9861S,58,Male,Resident,1661876,166636,217478,823577,50000,0,0,0,0,0.0,0.0,1611876.0,New,190904,194728,3824,0,2400
FY 2023-24,Chaitanya Sethi,PWXCS9235M,24,Female,Resident,12437648,1888684,989516,7434089,50000,630779,150000,0,0,138174.0,246107.1,11222587.9,Old,3802414,3237239,0,565175,2400
FY 2024-25,Eshana Sem,ZXNDL8423S,74,Male,Resident,306384,0,0,154222,50000,0,68105,23098,0,0.0,0.0,165181.0,Old,0,0,0,0,2400
FY 2024-25,Wakeeta Gokhale,WAVTO8673Z,42,Male,Resident,1236817,140597,206964,575510,50000,200000,150000,75000,0,89350.0,140597.0,531870.0,Old,19629,17038,0,2591,2400
FY 2023-24,Vedant Bandi,ZHCWQ6187I,52,Female,Resident,1842174,0,0,770525,50000,0,0,0,0,0.0,0.0,1792174.0,New,247157,268260,21103,0,2400
FY 2024-25,Upkaar Verma,YEQIP4986L,79,Female,Resident,692896,0,0,298179,50000,200000,129482,58112,0,0.0,0.0,255302.0,Old,0,0,0,0,2400
FY 2024-25,Tanish Dhaliwal,BPYCI3977F,22,Male,NRI,12302749,1860903,3294734,5158536,50000,0,57177,15260,0,0.0,1860903.0,10319409.0,Old,3478353,2832008,0,646345,2400
FY 2023-24,Rachit Master,MIVWD4368T,41,Male,NRI,1316069,130755,227675,615869,50000,159242,150000,4173,0,0.0,130755.0,821899.0,Old,79955,83115,3160,0,2400
FY 2024-25,Hemang Bhatt,OEIPR6850X,57,Female,NRI,1207099,198891,232081,622752,50000,0,0,0,0,0.0,0.0,1157099.0,New,76507,69024,0,7483,2400
FY 2024-25,Bhavika Sachar,ZAKQK6439E,85,Male,Resident,2092301,0,0,1073657,50000,0,0,0,0,51649.0,0.0,1990652.0,New,298683,250847,0,47836,2400
FY 2023-24,Ganga Wason,TAJFP2310C,74,Female,NRI,353875,0,0,172932,50000,0,150000,0,0,0.0,0.0,153875.0,Old,0,0,0,0,2400
FY 2024-25,Gauri Mahal,UXXXE9708X,27,Male,Resident,1681039,0,0,854703,50000,547550,0,0,0,0.0,0.0,1083489.0,New,65024,72740,7716,0,2400
FY 2023-24,Samesh Atwal,XUONP1970F,31,Male,Resident,1630544,0,0,723791,50000,0,0,0,0,18798.0,0.0,1561746.0,New,175264,147548,0,27716,2400
FY 2023-24,Tanvi Toor,AWWKZ1693S,37,Male,Resident,14018437,0,0,7955545,50000,0,0,0,0,0.0,0.0,13968437.0,New,4653074,4165924,0,487150,2400
FY 2024-25,Falguni Wable,KUXMF8376O,45,Male,Resident,1601124,166078,242061,770874,50000,0,0,0,0,0.0,0.0,1551124.0,New,161550,167150,5600,0,2400
FY 2023-24,Veda Tak,VYLTD6919S,80,Female,Resident,2161153,321628,512216,978786,50000,0,11028,27012,0,0.0,321628.0,1751485.0,Old,338463,281390,0,57073,2400
FY 2023-24,Warhi Sanghvi,OYTAO3676C,80,Male,Resident,1354446,296920,415226,677153,50000,0,150000,27145,0,0.0,270861.2,856439.8,Old,74139,66313,0,7826,2400
FY 2024-25,Kiaan Aurora,YSVEF1529J,38,Male,Resident,498729,43032,45883,208524,50000,0,150000,0,0,0.0,25030.6,273698.4,Old,0,0,0,0,2400
FY 2024-25,Mason Mistry,KXEHQ3522A,61,Male,Resident,6862542,1013204,790850,3217067,50000,0,90017,0,0,0.0,469143.3,6253381.7,Old,1928800,1561817,0,366983,2400
FY 2023-24,Lekha Baria,GJQYS6736F,65,Female,Resident,4795035,0,0,2851532,50000,0,0,0,0,0.0,0.0,4745035.0,New,1168450,1121666,0,46784,2400
FY 2024-25,Zayyan Dey,XUDOH0395L,22,Female,Resident,319161,0,0,138291,50000,0,3256,36088,90944,28900.0,0.0,109973.0,Old,0,0,0,0,2400
FY 2024-25,Aahana Joshi,COKSS5167P,50,Female,Resident,1265471,153723,218569,704630,50000,0,0,0,0,53093.0,0.0,1162378.0,New,77331,65642,0,11689,2400
FY 2023-24,Aarini Dara,LZYPH1415F,28,Male,Resident,695838,0,0,344459,50000,0,0,0,0,0.0,0.0,645838.0,New,0,0,0,0,2400
FY 2024-25,Kavya Bumb,VQIPG3234S,43,Male,NRI,14551441,0,0,7084751,50000,0,0,0,0,0.0,0.0,14501441.0,New,4832356,4849145,16789,0,2400
FY 2023-24,Vedant Dada,HXBOJ4410I,80,Male,Resident,677082,73006,135365,294966,50000,0,105574,37504,0,0.0,73006.0,410998.0,Old,0,0,0,0,2400
FY 2024-25,Bhavini Gandhi,CKZDX0502B,40,Male,RNOR,1735491,344102,248064,949099,50000,200000,74432,20623,0,62115.0,153154.09999999998,1175166.9,Old,171652,144079,0,27573,2400
FY 2023-24,Sanaya Kumer,IFEYR3347Y,71,Female,Resident,616861,162748,150577,326988,50000,181588,88116,28243,0,0.0,117878.2,151035.8,Old,0,0,0,0,2400
FY 2024-25,Ranbir Palan,REJJQ1334C,42,Male,RNOR,1090821,204345,298978,491767,50000,292861,62025,18728,0,59738.0,204345.0,403124.0,Old,7962,8009,47,0,2400
FY 2024-25,Pavani Kashyap,PDCGR4683I,78,Male,Resident,1938267,345323,196930,941081,50000,270891,0,0,0,111343.0,0.0,1506033.0,New,147481,140331,0,7150,2400
FY 2024-25,Urmi Bath,FPCCJ7159S,59,Male,Resident,2180820,344952,210640,915190,50000,193591,150000,0,0,37717.0,119121.0,1630391.0,Old,313681,292346,0,21335,2400
FY 2024-25,Zansi Merchant,VMEMJ4485H,58,Male,Resident,2011444,497362,679835,1181521,50000,0,150000,0,0,0.0,472608.4,1338835.6,Old,222716,204525,0,18191,2400
FY 2024-25,Ranveer Sachdev,QLMOH1839O,44,Female,Resident,1669515,449512,498462,921266,50000,548742,25500,0,0,0.0,406335.4,638937.6000000001,Old,41899,35839,0,6060,2400
FY 2024-25,Yadavi Keer,ZWCKD8147A,56,Female,Resident,8175003,0,0,3566773,50000,0,0,0,0,0.0,0.0,8125003.0,New,2433860,2030873,0,402987,2400
FY 2024-25,Lajita Oommen,OTKCD6572V,68,Male,NRI,2217331,456583,391755,1304538,50000,513366,0,0,0,0.0,0.0,1653965.0,New,193636,220127,26491,0,2400
FY 2023-24,Vyanjana Gulati,VEUQK7098R,23,Male,RNOR,1476722,234734,399072,691838,50000,183913,23181,16877,0,0.0,234734.0,968017.0,Old,110347,122855,12508,0,2400
FY 2023-24,Arunima Munshi,DAQTK5711O,46,Male,Resident,1920141,488456,350718,1132404,50000,0,0,0,0,0.0,0.0,1870141.0,New,271483,260293,0,11190,2400
FY 2023-24,Vamakshi Rastogi,KFOWF9325N,34,Female,Resident,1093401,122679,229326,475276,50000,0,0,0,0,0.0,0.0,1043401.0,New,69170,71578,2408,0,2400
FY 2024-25,Falak Dixit,NTMTP6838M,48,Female,Resident,1910945,270705,318323,1055125,50000,200000,137824,0,0,0.0,212810.5,1310310.5,Old,213816,188220,0,25596,2400
FY 2023-24,Naksh Sundaram,PNFPS6787T,47,Male,Resident,607758,152569,117234,305633,50000,77659,97923,25000,0,0.0,86670.7,270505.3,Old,0,0,0,0,2400
FY 2024-25,Victor Warrior,JUGBW0474H,38,Female,Resident,3169723,746860,443180,1578159,50000,190472,134606,0,0,119813.0,285364.1,2389467.9,Old,550513,562946,12433,0,2400
FY 2024-25,Gopal Chadha,BLGSU7116F,54,Female,NRI,2014509,0,0,1126444,50000,376704,0,0,0,0.0,0.0,1587805.0,New,172994,165039,0,7955,2400
FY 2023-24,Rayaan Deshpande,XCNOA3814U,62,Male,RNOR,738939,101566,146897,323018,50000,0,38178,50000,0,0.0,101566.0,499195.0,Old,10358,9015,0,1343,2400
FY 2023-24,Orinder Prasad,LVRYL6704Z,54,Male,Resident,6334915,679391,589414,3360991,50000,613357,150000,17325,0,82582.0,253314.9,5168336.1,Old,1559272,1775426,216154,0,2400
FY 2024-25,Parth Mody,LKMQT0474K,45,Female,Resident,2316126,386317,623725,992199,50000,79239,89480,23238,0,0.0,386317.0,1687852.0,Old,331609,305106,0,26503,2400
FY 2024-25,Bhanumati Dhawan,VHFDF7048E,69,Male,NRI,538614,0,0,238431,50000,0,116861,40463,0,57769.0,0.0,273521.0,Old,1223,1023,0,200,2400
FY 2023-24,Zilmil Mitter,MCPGZ1163F,49,Female,Resident,2196175,393515,417715,1114810,50000,0,0,0,0,0.0,0.0,2146175.0,New,357606,335140,0,22466,2400
FY 2024-25,Jackson Banerjee,MIADN1162N,35,Male,Resident,566153,137173,243268,337166,50000,0,57017,0,94954,9003.5,134866.4,220312.1,Old,0,0,0,0,2400
FY 2024-25,Hardik Chana,QUHXX8533F,26,Female,Resident,906570,0,0,505226,50000,266661,113325,0,0,0.0,0.0,476584.0,Old,0,0,0,0,2400
FY 2024-25,Rachana Sankar,JMMBV6129C,75,Female,Resident,1872745,418531,270573,868387,50000,236956,0,0,0,57165.0,0.0,1528624.0,New,154530,179167,24637,0,2400
FY 2023-24,Suhani Nayar,GQQQN3984T,45,Male,NRI,695369,101701,164741,401153,50000,0,150000,0,0,0.0,101701.0,393668.0,Old,7471,6577,0,894,2400
FY 2024-25,Zilmil Rattan,YLNAK4302W,61,Female,Resident,354092,0,0,158153,50000,0,142069,48268,0,0.0,0.0,113755.0,Old,0,0,0,0,2400
FY 2023-24,Qabil Pau,SUOQS4077T,25,Female,RNOR,304595,0,0,127502,50000,0,122357,50000,0,8223.800000000001,0.0,74014.20000000001,Old,0,0,0,0,2400
FY 2023-24,Daksh Palla,AQZIW7413G,77,Female,Resident,1051136,228000,144993,555414,50000,0,0,0,0,0.0,0.0,1001136.0,New,62577,58348,0,4229,2400
FY 2024-25,Zaitra Sawhney,CBMNY3468L,59,Male,Resident,428421,0,0,235367,50000,0,94504,52313,0,0.0,0.0,231604.0,Old,0,0,0,0,2400
FY 2023-24,Nidra Wali,YMZND3099S,55,Female,Resident,318041,0,0,129153,50000,0,144456,25000,0,0.0,0.0,98585.0,Old,0,0,0,0,2400
FY 2023-24,Jeremiah Ramanathan,MUWTK8706R,46,Female,Resident,14917621,4225273,7025653,8609377,50000,200000,150000,0,0,603985.0,3443750.8000000003,10469885.2,Old,3532344,2864727,0,667617,2400
FY 2023-24,Thomas Nagi,WHVWH8306G,53,Male,Resident,526981,122988,194191,284921,50000,0,68701,0,0,37957.0,113968.4,256354.6,Old,0,0,0,0,2400
FY 2024-25,Aarush Agrawal,HGGNW4223D,82,Male,Resident,1465011,294643,453404,630270,50000,171639,146538,19975,0,0.0,294643.0,782216.0,Old,58701,55513,0,3188,2400
FY 2024-25,Anika Bhatnagar,ADSGR3734E,81,Male,Resident,932408,0,0,420448,50000,193341,0,0,0,0.0,0.0,689067.0,New,0,0,0,0,2400
FY 2023-24,Ganga Ramesh,JBNRL4756I,83,Female,Resident,5271373,1236688,1023503,2885490,50000,0,150000,72308,0,338549.0,734954.0,3925562.0,Old,1016775,945663,0,71112,2400
FY 2024-25,Madhav Loyal,QLNTD2920Y,45,Female,Resident,2188047,496507,719970,1200963,50000,0,131721,38460,0,0.0,480385.2,1487480.8,Old,269093,224128,0,44965,2400
FY 2024-25,Amrita Yogi,IGJSI3851I,60,Female,RNOR,2431785,537844,613743,1435121,50000,0,150000,50000,0,0.0,470230.9,1711554.1,Old,336404,284062,0,52342,2400
FY 2024-25,Veer Apte,RYSBA7381A,56,Male,Resident,423308,81770,63305,236504,50000,0,116595,0,0,0.0,39654.6,217058.4,Old,0,0,0,0,2400
FY 2023-24,Vedhika Sundaram,EPBEB3710Y,53,Female,Resident,1047631,226043,174260,608051,50000,0,0,0,0,33900.0,0.0,963731.0,New,56742,51320,0,5422,2400
FY 2024-25,Anay Borde,YYZDS6309P,28,Male,Resident,1810763,202058,313934,726699,50000,0,0,0,0,0.0,0.0,1760763.0,New,226957,259197,32240,0,2400
FY 2023-24,Lohit Chandran,EAQVB4614T,49,Female,Resident,720099,0,0,308237,50000,200000,105008,20097,0,0.0,0.0,344994.0,Old,0,0,0,0,2400
FY 2024-25,Tanveer Khurana,SRCPI6272H,66,Female,Resident,429665,60259,56603,177440,50000,0,86216,46814,0,0.0,38859.0,207776.0,Old,0,0,0,0,2400
FY 2024-25,Pooja Shere,AYLMK2544C,30,Male,Resident,2274241,0,0,1331224,50000,0,0,0,0,0.0,0.0,2224241.0,New,371562,298968,0,72594,2400
FY 2023-24,Jatin Shah,GRAAQ8674C,63,Male,Resident,2807146,0,0,1218084,50000,386229,0,0,0,0.0,0.0,2370917.0,New,427725,363222,0,64503,2400
FY 2024-25,Lakshmi Mallick,ZLTKI3663Z,28,Male,Resident,505598,67270,76147,242186,50000,0,140830,0,0,4510.5,51928.4,258329.1,Old,0,0,0,0,2400
FY 2023-24,Jagrati Sahni,WPIBN0116Y,46,Male,Resident,1047276,0,0,452235,50000,0,0,0,0,18731.0,0.0,978545.0,New,59053,63748,4695,0,2400
FY 2024-25,Sudiksha Kar,BUAGS3709L,37,Female,Resident,4692130,571591,433261,2492239,50000,0,0,0,0,270463.0,0.0,4371667.0,New,1041559,1057810,16251,0,2400
FY 2023-24,Omaja Nagar,DRLBL1327V,34,Male,Resident,15667007,3048844,5377508,7927364,50000,146645,78099,0,0,0.0,3048844.0,12343419.0,Old,4204568,4715444,510876,0,2400
FY 2024-25,Nikita Sunder,VYADP0151A,80,Female,Resident,2244060,513891,434224,1076018,50000,0,81488,51761,0,0.0,326622.2,1734188.8,Old,333066,292492,0,40574,2400
FY 2023-24,Prisha Boase,WLSUF1031P,30,Male,RNOR,587357,86262,86348,236387,50000,0,52869,45802,0,0.0,62709.3,375976.7,Old,6551,5282,0,1269,2400
FY 2023-24,Yashodhara Sidhu,ICRPR3290D,51,Female,Resident,1162652,309328,255285,620825,50000,180543,6174,19980,53730,39960.0,193202.5,619062.5,Old,37765,38260,495,0,2400
FY 2023-24,Zinal Tak,EFIMK2237W,85,Male,RNOR,934406,0,0,375365,50000,0,0,0,0,0.0,0.0,884406.0,New,45178,51245,6067,0,2400
FY 2023-24,Daksh Varghese,AQLJF5542D,71,Male,Resident,1414286,314883,350352,822907,50000,200000,0,0,0,0.0,268061.3,896224.7,Old,92814,106617,13803,0,2400
FY 2023-24,Jeremiah Chawla,RRJBP9429D,72,Male,Resident,1806878,205747,321716,890739,50000,0,0,0,0,0.0,0.0,1756878.0,New,236145,248447,12302,0,2400
FY 2023-24,Ekaraj Dhawan,KNHYD0942W,56,Female,Resident,2443498,446375,757797,1095215,50000,0,10189,11450,0,0.0,438086.0,1933773.0,Old,408337,357481,0,50856,2400
FY 2023-24,Harinakshi Hans,HYJOW6033J,64,Male,Resident,1694514,0,0,930066,50000,0,0,0,0,0.0,0.0,1644514.0,New,201088,206186,5098,0,2400
FY 2024-25,Vasatika Ramanathan,ELHLO4943U,54,Male,Resident,1996201,0,0,1175181,50000,0,0,0,0,125.0,0.0,1946076.0,New,284775,329489,44714,0,2400
FY 2023-24,Jagdish Varma,IWINX6285P,69,Male,Resident,566576,149899,175567,301841,50000,0,0,39074,0,56172.0,120736.4,300593.6,Old,0,0,0,0,2400
FY 2024-25,Vasudha Sarin,LEUZW0377U,36,Male,Resident,1005862,236486,154754,512220,50000,0,0,0,0,0.0,0.0,955862.0,New,47409,40016,0,7393,2400
FY 2023-24,Hredhaan Saraf,BDDLE0729B,80,Male,Resident,5342970,0,0,2209096,50000,0,0,0,0,0.0,0.0,5292970.0,New,1473346,1613126,139780,0,2400
FY 2023-24,Baljiwan Kapur,XCUHD5324S,53,Male,Resident,2398824,256733,169691,1125262,50000,0,0,0,0,0.0,0.0,2348824.0,New,420832,467871,47039,0,2400
FY 2024-25,Jonathan Minhas,BJYNP9153U,38,Male,Resident,998023,0,0,494057,50000,0,0,0,0,0.0,0.0,948023.0,New,46594,41171,0,5423,2400
FY 2024-25,Vedant Ram,UFOAQ7086F,43,Female,Resident,16496032,2133858,1845774,6973935,50000,290746,115485,0,0,296838.0,1148380.5,14594582.5,Old,5012286,5835489,823203,0,2400
FY 2024-25,Harrison Chaudhry,NLRVM4751J,74,Female,Resident,572055,111894,155348,316369,50000,0,0,3614,102784,39610.0,111894.0,264153.0,Old,0,0,0,0,2400
FY 2023-24,Samar Ram,HSSOQ8052I,53,Male,NRI,17085154,0,0,7478116,50000,0,0,0,0,0.0,0.0,17035154.0,New,5753412,5269709,0,483703,2400
FY 2023-24,Harini Deshpande,WGXYE6542M,52,Female,Resident,6493750,1821107,2180508,3653070,50000,200000,0,0,0,124021.0,1815201.0,4304528.0,Old,1148012,1302357,154345,0,2400
FY 2023-24,Chakradev Bhattacharyya,LJTAG6127J,42,Male,Resident,2147397,335031,557497,1193240,50000,0,150000,0,0,0.0,335031.0,1612366.0,Old,308058,348446,40388,0,2400
FY 2024-25,Yagnesh Naidu,RYEKO4900E,69,Male,Resident,857368,101305,123166,382388,50000,92279,28918,5664,0,0.0,84927.2,595579.8,Old,30280,24934,0,5346,2400
FY 2024-25,Darpan Chowdhury,YFHTO5268Q,74,Male,Resident,11501984,2576651,3380431,6842575,50000,0,0,75667,0,0.0,2576651.0,8799666.0,Old,2802685,2339877,0,462808,2400
FY 2024-25,Lakshit Lanka,UZSKO7485Y,57,Female,Resident,4976052,0,0,2707829,50000,0,0,0,0,0.0,0.0,4926052.0,New,1214527,1433722,219195,0,2400
FY 2023-24,Sarthak Parsa,DGZDW6426F,39,Male,Resident,345935,0,0,200525,50000,0,17717,25000,0,84950.4,0.0,168267.6,Old,0,0,0,0,2400
FY 2023-24,Vasatika Issac,LZXGF6531A,64,Male,Resident,2259527,318923,428574,1092029,50000,0,150000,31800,0,0.0,318923.0,1708804.0,Old,335546,335128,0,418,2400
FY 2023-24,Lohit Tiwari,FMXMJ0053K,41,Male,Resident,15083284,2167596,1728164,6171672,50000,0,85517,5943,0,440958.0,1110996.7999999998,13389869.2,Old,4580034,5055283,475249,0,2400
FY 2023-24,Gabriel Barman,MFOBH7180U,81,Male,Resident,2113596,0,0,1062653,50000,0,0,0,0,0.0,0.0,2063596.0,New,331841,301386,0,30455,2400
FY 2023-24,Dayamai Venkataraman,FBMHK6073E,61,Female,Resident,475338,87906,88959,230612,50000,0,89926,0,0,0.0,65897.8,269514.2,Old,0,0,0,0,2400
FY 2023-24,Mugdha Prashad,XEZIL0030L,31,Female,NRI,16854374,0,0,8342720,50000,0,0,0,0,0.0,0.0,16804374.0,New,5670608,6232175,561567,0,2400
FY 2024-25,Yatan Sinha,TKHCO3967U,48,Female,NRI,323383,0,0,185281,50000,0,82065,40538,0,0.0,0.0,150780.0,Old,0,0,0,0,2400
FY 2023-24,Rayaan Gandhi,WLTHT2729N,48,Female,Resident,1724354,236393,296922,798548,50000,0,150000,16815,0,82715.0,217067.2,1207756.8,Old,181820,178962,0,2858,2400
FY 2024-25,Ethan Lad,YAZJK5381E,60,Male,Resident,1438859,300673,335430,614083,50000,615343,150000,0,0,0.0,245633.2,377882.8000000001,Old,0,0,0,0,2400
FY 2023-24,Ekbal Gera,ZAKRA1391B,80,Female,NRI,1605117,0,0,653596,50000,0,0,0,0,0.0,0.0,1555117.0,New,173196,163423,0,9773,2400
FY 2024-25,Amrita Borde,VEDXK4478Q,83,Male,Resident,10765135,0,0,5364029,50000,0,0,0,0,9310.0,0.0,10705825.0,New,3470489,3555755,85266,0,2400
FY 2024-25,Imaran Shroff,HLCQM3309A,66,Male,NRI,327890,0,0,151053,50000,0,74092,0,0,0.0,0.0,203798.0,Old,0,0,0,0,2400
FY 2024-25,Maya Mander,GDTNN5027I,56,Female,Resident,346599,0,0,204914,50000,0,28798,7699,0,26010.2,0.0,234091.8,Old,0,0,0,0,2400
FY 2023-24,Janaki Joshi,INMOX9678G,28,Male,Resident,17158764,1621752,1886680,7024393,50000,80528,150000,23817,0,728981.3,1184240.7,14941197.0,Old,5136651,5493506,356855,0,2400
FY 2024-25,Xalak Buch,EOGQU4104O,81,Male,Resident,2837420,395782,266402,1356993,50000,622381,0,0,0,0.0,0.0,2165039.0,New,353091,311515,0,41576,2400
FY 2024-25,Ekani Ramaswamy,PPEYA3596I,78,Male,Resident,2323135,319679,279706,1073531,50000,0,0,0,0,150294.34000000003,0.0,2122840.66,New,339925,337623,0,2302,2400
FY 2023-24,Amol Kohli,UMRAF2353Z,66,Female,Resident,6315075,1225865,2175546,2911655,50000,0,150000,43785,0,321571.5,1225865.0,4523853.5,Old,1213842,1270339,56497,0,2400
FY 2024-25,Ojasvi Goel,AJOXY4430P,56,Female,Resident,5642288,1159723,866863,2531885,50000,200000,54807,0,0,267754.0,613674.5,4456052.5,Old,1195288,989339,0,205949,2400
FY 2024-25,Manya Tiwari,UVZYT4204T,39,Male,Resident,623316,98007,65945,291365,50000,0,0,0,0,0.0,0.0,573316.0,New,0,0,0,0,2400
FY 2024-25,Vedant Hegde,TCERC1815F,84,Male,Resident,7056185,0,0,3603112,50000,0,0,0,0,0.0,0.0,7006185.0,New,2049882,2085587,35705,0,2400
FY 2024-25,Krishna Gokhale,OCDVF9260Q,26,Female,Resident,10913740,1961430,2255661,6410325,50000,114704,71612,29380,51858,0.0,1614628.5,8981557.5,Old,2867970,2791137,0,76833,2400
FY 2024-25,Varsha Lata,UHBDQ1134E,44,Female,Resident,3197070,340188,550674,1607800,50000,0,146543,22084,0,0.0,340188.0,2638255.0,Old,628135,620299,0,7836,2400
FY 2023-24,Wridesh Mannan,BCJHE8127J,61,Female,Resident,429205,0,0,212347,50000,0,115606,58162,0,0.0,0.0,205437.0,Old,0,0,0,0,2400
FY 2024-25,Zinal Borde,LAJAH2062R,64,Male,Resident,2737906,649850,427451,1476083,50000,0,0,0,0,0.0,0.0,2687906.0,New,516226,603897,87671,0,2400
FY 2024-25,Zansi Kaul,RJWJW7696N,79,Female,Resident,587040,107949,70150,325184,50000,0,36653,0,0,0.0,37631.6,462755.4,Old,0,0,0,0,2400
FY 2023-24,Maanav Mannan,MOBLL9260B,29,Male,Resident,2349856,0,0,978737,50000,0,0,0,0,0.0,0.0,2299856.0,New,405554,362109,0,43445,2400
FY 2024-25,Jalsa Hans,IQLPA1194B,71,Female,Resident,4448533,877479,1110877,1925660,50000,0,141890,100000,0,0.0,877479.0,3279164.0,Old,825499,829801,4302,0,2400
FY 2023-24,Isaiah Sarraf,GYSTV0457M,58,Male,Resident,13048636,0,0,7747156,50000,0,0,0,0,0.0,0.0,12998636.0,New,4305110,3796579,0,508531,2400
FY 2023-24,Kabir Dixit,ADLSP8875Y,35,Female,Resident,2297151,270903,459633,1180495,50000,364806,106709,23630,0,0.0,270903.0,1481103.0,Old,267104,228119,0,38985,2400
FY 2023-24,Eta Borah,FGZHR0866H,60,Male,Resident,395471,0,0,180220,50000,0,65384,0,0,0.0,0.0,280087.0,Old,0,0,0,0,2400
FY 2024-25,Sanya Jhaveri,RSPHH3850H,27,Male,Resident,1996780,309104,239475,1113671,50000,200000,147205,16487,0,0.0,128107.9,1454980.1,Old,258953,251167,0,7786,2400
FY 2023-24,Falguni Sahota,GFFSZ1093C,51,Male,NRI,3175261,814676,1003965,1814068,50000,0,66880,0,0,0.0,814676.0,2243705.0,Old,505035,409548,0,95487,2400
FY 2023-24,Yamini Murty,QTPRV6757J,70,Male,NRI,15251454,2293848,2570697,7847049,50000,0,68635,0,0,0.0,1785992.1,13346826.9,Old,4564591,5321099,756508,0,2400
FY 2024-25,Rushil Kothari,AJWEK4944I,50,Male,Resident,696793,138757,134668,360898,50000,0,78637,25000,0,0.0,98578.2,444577.8000000001,Old,0,0,0,0,2400
FY 2024-25,Krishna Sinha,GTMDO7346Q,73,Male,Resident,686679,0,0,311944,50000,0,0,0,0,0.0,0.0,636679.0,New,0,0,0,0,2400
FY 2024-25,Hardik Subramaniam,ELVVN0266W,25,Female,RNOR,2419852,635522,483514,1398345,50000,200000,0,0,0,0.0,343679.5,1826172.5,Old,374765,425947,51182,0,2400
FY 2023-24,Chandani Kala,HKZND0837Q,68,Female,Resident,522149,71858,94488,230889,50000,0,142623,7153,0,0.0,71399.1,250973.9,Old,0,0,0,0,2400
FY 2023-24,Dhruv Talwar,NAMKV5751X,31,Male,Resident,454187,54429,47847,217742,50000,0,0,0,0,0.0,26072.8,378114.2,Old,0,0,0,0,2400
FY 2024-25,Veda Ramaswamy,CXLUG0586W,73,Female,Resident,463788,0,0,191398,50000,0,115446,15523,131731,0.0,0.0,151088.0,Old,0,0,0,0,2400
FY 2024-25,Triya Ahuja,ERPWU3686J,32,Male,Resident,593405,105709,103770,311652,50000,0,97142,43426,0,53326.0,72604.8,276906.2,Old,0,0,0,0,2400
FY 2024-25,Vasatika Rau,QFEXW5392X,73,Male,Resident,486099,0,0,278909,50000,0,150000,36899,0,0.0,0.0,249200.0,Old,0,0,0,0,2400
FY 2023-24,Vasudha Agarwal,VRBNN4526U,48,Male,Resident,1164530,299975,444562,645644,50000,0,107036,18129,0,55525.5,299975.0,633864.5,Old,40844,46283,5439,0,2400
FY 2024-25,Ekbal Nigam,ZZVHL0489C,38,Male,RNOR,581625,0,0,344760,50000,0,150000,35691,0,30920.0,0.0,315014.0,Old,3381,3853,472,0,2400
FY 2023-24,Watika Dar,RJNJV9716G,28,Male,Resident,879627,0,0,393931,50000,0,0,0,0,0.0,0.0,829627.0,New,39481,36682,0,2799,2400
FY 2023-24,Zayan Goyal,ZAJPI7941H,32,Female,Resident,4307272,787238,925231,2376715,50000,0,64716,16127,0,59339.0,687559.5,3429530.5,Old,875013,730920,0,144093,2400
FY 2024-25,Simon Chada,VMDWV4637N,29,Male,Resident,1247061,0,0,510959,50000,0,0,0,0,63851.0,0.0,1133210.0,New,72780,58254,0,14526,2400
FY 2023-24,Inaya Korpal,QMAZX5711F,61,Male,Resident,19105762,4622270,2691596,9541255,50000,0,0,13550,0,1004125.5,1737470.5,16300616.0,Old,5621420,5209787,0,411633,2400
FY 2024-25,William Vaidya,BWCNZ1417K,33,Male,Resident,12761583,0,0,5877781,50000,0,0,0,0,0.0,0.0,12711583.0,New,4190155,4553360,363205,0,2400
FY 2024-25,Shivansh Chahal,YDUNI9511U,53,Female,Resident,1072459,190569,108500,547995,50000,190111,0,47051,0,129063.15,53700.5,602533.35,Old,34327,34953,626,0,2400
FY 2024-25,Tamanna Kadakia,NWFKQ2667D,29,Female,Resident,1572589,391884,636995,881852,50000,109725,150000,14553,0,58893.0,391884.0,797534.0,Old,74887,65271,0,9616,2400
FY 2024-25,Bachittar Jain,KSDLK4730A,24,Female,Resident,4779073,0,0,2505771,50000,0,0,0,0,0.0,0.0,4729073.0,New,1153070,1025457,0,127613,2400
FY 2024-25,Saumya Uppal,NVQTS4173S,81,Female,Resident,361823,0,0,183298,50000,0,150000,0,0,37955.0,0.0,123868.0,Old,0,0,0,0,2400
FY 2024-25,Matthew Varkey,SPHSP8168D,46,Male,Resident,4624778,790643,1099558,2746182,50000,100037,12319,0,0,0.0,790643.0,3671779.0,Old,950594,810662,0,139932,2400
FY 2023-24,Fariq Prakash,JCKFP1486J,82,Male,Resident,3454509,503215,372370,1690252,50000,0,59040,13598,0,62701.0,203344.8,3065825.2,Old,748537,865278,116741,0,2400
FY 2024-25,Nicholas Amble,AZJIH2421M,61,Female,NRI,991354,0,0,570111,50000,527098,126375,5716,0,60690.0,0.0,221475.0,Old,0,0,0,0,2400
FY 2024-25,Ekta Dash,DQFAC7053Q,68,Female,NRI,5809736,1298470,1094760,2979888,50000,91552,21432,0,0,389618.0,796771.2,4460362.8,Old,1196633,1418410,221777,0,2400
FY 2023-24,Janaki Ramanathan,TOJMN5196S,69,Female,Resident,589861,77449,51288,259376,50000,0,0,0,0,0.0,0.0,539861.0,New,0,0,0,0,2400
FY 2024-25,Sai Batta,XLXKN5939K,23,Female,Resident,3572761,728561,408490,1706647,50000,0,150000,15407,0,70017.5,237825.3,3049511.2,Old,756447,667709,0,88738,2400
FY 2023-24,Zaitra Shukla,HPJUI5997P,65,Male,Resident,569689,0,0,316531,50000,0,98310,58209,107786,83055.6,0.0,172328.40000000002,Old,0,0,0,0,2400
FY 2023-24,Jhalak Soni,LSEPK2227R,85,Male,Resident,411716,56314,103453,240080,50000,0,0,0,95220,60935.0,56314.0,149247.0,Old,0,0,0,0,2400
FY 2023-24,Urvi Varty,ANCRW6979T,54,Female,Resident,307457,0,0,178697,50000,0,32464,0,0,0.0,0.0,224993.0,Old,0,0,0,0,2400
FY 2024-25,Upasna Patil,KMMEH3090D,71,Female,NRI,1865506,351504,540843,936611,50000,0,129197,69402,0,0.0,351504.0,1265403.0,Old,199805,185924,0,13881,2400
FY 2024-25,Jack Sastry,OXEYS5470Z,49,Female,NRI,4139072,716383,570541,1658771,50000,0,31407,8551,0,0.0,404663.9,3644450.1,Old,942068,974419,32351,0,2400
FY 2023-24,Jeevika Chaudhari,ECHLA6131D,28,Male,NRI,528227,0,0,279756,50000,0,11542,59336,0,0.0,0.0,407349.0,Old,8182,7996,0,186,2400
FY 2024-25,Zaitra Sule,DOWEI8550K,31,Female,Resident,592006,131856,95883,323910,50000,0,150000,18881,0,30963.300000000003,63492.0,278669.7,Old,0,0,0,0,2400
FY 2024-25,Charvi Upadhyay,GNRKN8376L,40,Male,RNOR,1167339,122728,139630,537753,50000,0,0,0,0,33131.0,0.0,1084208.0,New,65136,66580,1444,0,2400
FY 2023-24,Vincent Nadkarni,UHMZS9116L,68,Male,Resident,2013684,345638,604361,882741,50000,0,33881,48495,0,0.0,345638.0,1535670.0,Old,281528,235420,0,46108,2400
FY 2023-24,Samesh Bahri,JOYWH8416W,27,Male,Resident,7094082,1158816,1730957,3413885,50000,404989,146834,0,0,224673.0,1158816.0,5108770.0,Old,1538829,1840984,302155,0,2400
FY 2023-24,Vincent Rai,WMWZE9679J,40,Female,Resident,1406053,0,0,652991,50000,0,0,0,0,0.0,0.0,1356053.0,New,126059,141318,15259,0,2400
FY 2024-25,Devika Rajan,VBLYQ9822L,49,Male,Resident,990156,166832,120468,524167,50000,154703,0,6642,0,96302.38,68051.29999999999,614457.32,Old,36807,30195,0,6612,2400
FY 2024-25,Ekta Yohannan,UURCG5420E,41,Female,Resident,533479,135999,123930,317525,50000,0,89090,0,0,0.0,92177.5,302211.5,Old,0,0,0,0,2400
FY 2023-24,Laksh Taneja,YGTSU4761E,39,Female,Resident,2422564,282934,327208,1211073,50000,388465,150000,7219,0,39696.5,206100.7,1581082.7999999998,Old,298297,274409,0,23888,2400
FY 2023-24,Zayan Comar,TEHGM1882Q,60,Female,RNOR,8257039,0,0,4385359,50000,0,0,0,0,0.0,0.0,8207039.0,New,2473455,2136186,0,337269,2400
FY 2024-25,Victor Nori,IUFPL7390P,37,Female,Resident,365575,0,0,219070,50000,0,71492,18559,0,76592.0,0.0,148932.0,Old,0,0,0,0,2400
FY 2023-24,Unnati Kapoor,ZMOCX1363Q,46,Male,RNOR,1634080,378352,271857,860622,50000,627262,109734,0,0,0.0,185794.8,661289.2,Old,46548,54587,8039,0,2400
FY 2023-24,Azaan Pau,ZAHKP3596O,79,Male,RNOR,14688554,2817233,2132387,7114294,50000,0,0,0,0,0.0,1420957.6,13217596.4,Old,4515233,3742904,0,772329,2400
FY 2023-24,Gavin Doshi,BWZHO1241T,51,Male,NRI,8197387,0,0,4177847,50000,676517,0,0,0,0.0,0.0,7470870.0,New,2220802,2273469,52667,0,2400
FY 2023-24,Sanaya Palla,VKEWU3511K,29,Female,Resident,2164395,392256,614122,990231,50000,0,4156,0,0,0.0,392256.0,1717983.0,Old,341010,356561,15551,0,2400
FY 2023-24,Zansi Ahluwalia,SLNMW1141M,60,Male,Resident,7119898,1260732,1590848,3118049,50000,0,22288,0,0,0.0,1260732.0,5786878.0,Old,1768696,1472961,0,295735,2400
FY 2024-25,Manthan Korpal,SULYB6799B,72,Female,Resident,554138,62633,89174,293806,50000,0,0,0,0,0.0,59793.4,444344.6,Old,0,0,0,0,2400
FY 2023-24,Vedant Jaggi,SVYPG4590L,66,Male,Resident,542081,107072,179137,230381,50000,0,107803,0,0,17655.0,92152.4,274470.6,Old,0,0,0,0,2400
FY 2023-24,Vyanjana Tank,BNBJF7038A,29,Female,NRI,338070,0,0,138178,50000,0,0,0,0,0.0,0.0,288070.0,New,0,0,0,0,2400
FY 2024-25,Alexander Batra,VXQNF8114X,74,Male,NRI,5973627,1089621,720355,3130691,50000,605234,110355,78216,87327,0.0,407285.9,4635209.1,Old,1251185,1198801,0,52384,2400
FY 2023-24,Hardik Amble,HNQVY9673L,62,Male,Resident,4613495,0,0,2233298,50000,0,0,0,0,0.0,0.0,4563495.0,New,1111810,1145104,33294,0,2400
FY 2023-24,Pallavi Mangat,DBSDK5394M,49,Female,Resident,421159,63097,125094,203910,50000,0,91608,0,0,0.0,63097.0,216454.0,Old,0,0,0,0,2400
FY 2024-25,Aishani Chawla,ONMIP9360Q,38,Female,Resident,1093103,269069,214465,553310,50000,0,0,0,0,3711.0,0.0,1039392.0,New,58145,55171,0,2974,2400
FY 2024-25,Kabir Walla,UQYVP4522E,30,Male,Resident,1967728,0,0,1123554,50000,0,0,0,0,0.0,0.0,1917728.0,New,275930,250231,0,25699,2400
FY 2023-24,Bhanumati Nayak,IEHMU7088D,80,Male,Resident,454810,0,0,233460,50000,0,112610,47911,0,0.0,0.0,244289.0,Old,0,0,0,0,2400
FY 2023-24,Amol Bhatt,CHHEI9740D,62,Male,Resident,1110243,191884,272078,469868,50000,350940,93896,0,127839,29962.080000000005,187947.2,269658.72000000003,Old,0,0,0,0,2400
FY 2024-25,Zansi Madan,LHLGF8960N,80,Male,NRI,1966358,441122,709823,1160105,50000,0,150000,39658,0,60654.5,441122.0,1224923.5,Old,187176,184581,0,2595,2400
FY 2024-25,Aahana Parsa,LKQPE9409O,26,Male,Resident,1569596,367078,254610,756824,50000,310820,0,0,0,0.0,0.0,1208776.0,New,85025,75531,0,9494,2400
FY 2023-24,Tamanna Chad,VODHC3263J,67,Female,Resident,656010,105885,155534,377139,50000,428566,137351,48715,0,37520.0,105885.0,0.0,Old,0,0,0,0,2400
FY 2023-24,Azad Bhatt,DOKGD8873N,62,Female,Resident,732812,147587,247243,347443,50000,0,0,48129,0,36477.5,147587.0,450618.5,Old,0,0,0,0,2400
FY 2024-25,Udyati Doctor,NKYLI9006T,51,Female,Resident,6310926,1194171,723060,2681765,50000,167402,15912,39566,0,0.0,454883.5,5583162.5,Old,1701641,1510839,0,190802,2400
FY 2024-25,Charles Jani,ETQGF0548C,66,Female,Resident,5857045,889239,1345178,3511497,50000,0,150000,92919,0,0.0,889239.0,4674887.0,Old,1260964,1230363,0,30601,2400
FY 2024-25,Hitesh Rattan,JYOWH3293Y,78,Female,Resident,537600,69455,58670,266589,50000,0,62077,0,0,0.0,32011.1,393511.9,Old,0,0,0,0,2400
FY 2023-24,Vanya Ahuja,JNYIQ8808J,73,Male,Resident,1073547,164787,275764,641634,50000,430674,90829,0,0,123256.4,164787.0,214000.6,Old,0,0,0,0,2400
FY 2024-25,Chatura Sastry,WIIHT8648A,65,Female,Resident,1252671,270235,247359,667113,50000,0,0,0,0,0.0,0.0,1202671.0,New,83755,99579,15824,0,2400
FY 2023-24,Diya Nagi,CIRZW1287O,38,Female,Resident,12463843,2215171,2806295,5496502,50000,265303,148742,25000,0,0.0,2198600.8000000003,9776197.2,Old,3140690,3071740,0,68950,2400
FY 2024-25,Yahvi Baral,DRBTR2618J,64,Male,RNOR,482051,59565,101880,234312,50000,0,0,1586,0,52622.0,59565.0,318278.0,Old,950,811,0,139,2400
FY 2024-25,Watika Prabhakar,NLKTN9668Z,23,Male,Resident,7000101,1647181,1138441,3298955,50000,0,45870,3718,0,0.0,808545.5,6091967.5,Old,1876263,1940642,64379,0,2400
FY 2024-25,Upma Pillai,IKQJY5163C,72,Female,RNOR,1576118,397518,591559,870161,50000,404836,0,0,0,116888.0,397518.0,606876.0,Old,32630,33697,1067,0,2400
FY 2023-24,Pratyush Dayal,MEDDE9735I,83,Female,Resident,596400,139766,229599,344499,50000,0,138744,35860,0,78890.0,137799.6,155106.40000000002,Old,0,0,0,0,2400
FY 2023-24,Nidhi Narayan,OBTTV8163M,42,Male,Resident,693022,161794,210378,384989,50000,0,97396,0,0,38383.2,161794.0,345448.8,Old,0,0,0,0,2400
FY 2023-24,Matthew Warrior,IDQYL9798B,54,Female,Resident,5620148,1270660,998505,2667731,50000,0,67612,0,0,0.0,731731.8999999999,4770804.1,Old,1293490,1342111,48621,0,2400
FY 2023-24,Mugdha Johal,URYJI5146N,84,Female,Resident,2346905,317384,530946,972204,50000,0,150000,0,0,0.0,317384.0,1829521.0,Old,362810,342965,0,19845,2400
FY 2024-25,Zinal Merchant,AAZLM3366R,55,Male,Resident,2012802,222134,150765,874734,50000,0,0,0,0,0.0,0.0,1962802.0,New,289993,290721,728,0,2400
FY 2023-24,Balhaar Vyas,GWEEB7594O,49,Male,Resident,1325286,139422,174887,545492,50000,0,0,0,0,30104.0,0.0,1245182.0,New,102997,114804,11807,0,2400
FY 2024-25,Amaira Ramaswamy,ACDJC0106J,49,Male,Resident,5806661,0,0,3114047,50000,135148,0,0,0,0.0,0.0,5621513.0,New,1574662,1485780,0,88882,2400
FY 2024-25,Alexander Chada,PPUBI8857R,44,Male,Resident,1363504,137392,108742,677091,50000,0,0,0,0,72265.0,0.0,1241239.0,New,91777,77289,0,14488,2400
FY 2024-25,Janaki Pandey,OREBE9089H,78,Male,Resident,3276264,782304,927743,1844536,50000,0,78443,0,0,293232.0,743289.4,2111299.6,Old,461125,413649,0,47476,2400
FY 2024-25,Chatresh Malhotra,EFXAH7917T,26,Female,Resident,374164,0,0,213747,50000,0,66300,75000,0,0.0,0.0,182864.0,Old,0,0,0,0,2400
FY 2023-24,Tara Basak,MIGZF9246P,78,Male,Resident,891875,156106,164277,399020,50000,174737,150000,0,51849,58474.0,124375.0,282440.0,Old,0,0,0,0,2400
FY 2023-24,Jyoti Loyal,NRVEU3507D,56,Female,Resident,498461,52687,55259,225983,50000,0,97219,3615,0,0.0,32660.7,314966.3,Old,0,0,0,0,2400
FY 2023-24,Kamala Gopal,EAKDK3099E,66,Male,Resident,13121048,2066038,3032632,5351088,50000,0,58969,17207,0,0.0,2066038.0,10928834.0,Old,3694025,3534881,0,159144,2400
FY 2023-24,Meera Madan,HZSSH0275E,48,Female,RNOR,1907096,0,0,949561,50000,0,0,0,0,94956.1,0.0,1762139.9,New,237787,194246,0,43541,2400
FY 2023-24,Yashasvi Rajagopalan,EDQVF9417Q,39,Male,Resident,1198041,0,0,551821,50000,0,0,0,0,0.0,0.0,1148041.0,New,85494,80409,0,5085,2400
FY 2023-24,Dalaja Chaudhari,BFFWW9790E,50,Male,Resident,643024,87243,133252,276161,50000,0,27114,0,0,0.0,87243.0,478667.0,Old,0,0,0,0,2400
FY 2023-24,Shaurya Sandhu,THATY8361M,32,Male,Resident,1658093,0,0,751425,50000,0,0,0,0,0.0,0.0,1608093.0,New,189724,158708,0,31016,2400
FY 2024-25,Arjun Radhakrishnan,WJFSC8038O,52,Female,Resident,6819770,1911131,3052678,4032292,50000,0,33171,30929,0,0.0,1612916.8,5092753.2,Old,1533332,1596962,63630,0,2400
FY 2024-25,Onkar Kant,NLABA5428I,22,Male,Resident,1892247,347401,313900,862745,50000,0,0,0,0,69361.0,0.0,1772886.0,New,230740,186732,0,44008,2400
FY 2023-24,Kamala Dasgupta,OXOOG2260Y,75,Female,NRI,1380001,0,0,747667,50000,621601,150000,0,0,63279.0,0.0,495121.0,Old,12746,10989,0,1757,2400
FY 2023-24,Anita Swaminathan,OVZXT2800U,59,Female,Resident,1893406,490993,370375,1111087,50000,0,0,0,0,111108.7,0.0,1732297.3,New,228476,189286,0,39190,2400
FY 2024-25,Dev Saxena,USGKA7992M,35,Female,Resident,912596,172096,98123,458124,50000,0,134184,31905,0,107753.0,52310.6,536443.4,Old,20580,23756,3176,0,2400
FY 2024-25,Janani Divan,GHNMZ9369X,55,Female,Resident,3028858,0,0,1386311,50000,0,0,0,0,0.0,0.0,2978858.0,New,607003,546112,0,60891,2400
FY 2023-24,Rachana Ganguly,UXWDI2329X,68,Male,Resident,2674506,0,0,1422171,50000,0,0,0,0,0.0,0.0,2624506.0,New,506845,544012,37167,0,2400
FY 2023-24,Jeremiah Chaudhary,YJKZU3697D,41,Male,Resident,2967268,373345,244691,1484038,50000,0,0,0,0,0.0,0.0,2917268.0,New,598187,500014,0,98173,2400
FY 2023-24,Ria Bava,WDUVM9354H,58,Male,Resident,694507,145044,94513,346893,50000,200000,0,20840,0,25242.0,59823.7,338601.30000000005,Old,0,0,0,0,2400
FY 2024-25,Wriddhish Choudhry,GZJOS1968M,31,Female,Resident,15757564,1551790,2452721,6557541,50000,420610,92051,0,0,0.0,1551790.0,13643113.0,Old,4670898,4731910,61012,0,2400
FY 2024-25,Lucky Char,KWZGH6186S,76,Male,Resident,7178497,880409,1483758,2891748,50000,137518,126650,70306,111653,0.0,880409.0,5801961.0,Old,1773872,1656599,0,117273,2400
FY 2024-25,Gavin Wagle,HEWUG2463H,59,Male,Resident,900241,0,0,494270,50000,294558,150000,0,0,96866.0,0.0,308817.0,Old,0,0,0,0,2400
FY 2024-25,Rishi Dara,RZJXG6929B,83,Female,Resident,663421,160828,206484,338528,50000,0,150000,14376,0,0.0,160828.0,288217.0,Old,0,0,0,0,2400
FY 2023-24,Bhavini Rege,GGLII5564U,39,Female,Resident,3638226,508658,784299,1807169,50000,0,0,63547,0,0.0,508658.0,3016021.0,Old,745998,631100,0,114898,2400
FY 2023-24,Chandran Bakshi,JHGKA9764S,68,Female,Resident,340738,0,0,182388,50000,0,10250,50000,0,0.0,0.0,230488.0,Old,0,0,0,0,2400
FY 2024-25,Advika Das,BQYSN9575L,78,Male,Resident,3309222,618335,861760,1499915,50000,0,134443,48417,0,10424.0,618335.0,2447603.0,Old,566052,528587,0,37465,2400
FY 2024-25,Hamsini Tripathi,FCTJO9049H,26,Female,Resident,3275779,0,0,1635402,50000,0,0,0,0,173759.0,0.0,3052020.0,New,629829,543030,0,86799,2400
FY 2023-24,Lipika Padmanabhan,SKVCD1040W,85,Female,Resident,1741837,297176,270205,960530,50000,0,0,0,0,67226.0,0.0,1624611.0,New,194878,172339,0,22539,2400
FY 2023-24,Varsha Chhabra,FUVAC9794U,84,Male,Resident,505777,83570,142778,244399,50000,0,68199,0,0,0.0,83570.0,304008.0,Old,0,0,0,0,2400
FY 2024-25,Ladli Banik,RDDTN4538G,38,Male,Resident,2374653,0,0,1139050,50000,0,0,0,0,0.0,0.0,2324653.0,New,402891,352410,0,50481,2400
FY 2023-24,Zinal Naidu,IAWPW7284Z,27,Female,Resident,1925966,334197,382656,852874,50000,0,150000,0,0,0.0,297368.6,1428597.4,Old,250722,205933,0,44789,2400
FY 2023-24,Neha Vig,CGYQH6972L,81,Female,NRI,7798914,1563788,2583972,4486169,50000,0,39428,56145,0,193986.0,1563788.0,5895567.0,Old,1808858,2003370,194512,0,2400
FY 2024-25,Bhavya Kapoor,RANNV0898F,32,Female,Resident,1418710,257668,297062,637023,50000,0,96791,0,41812,157258.0,233359.7,839489.3,Old,83614,93283,9669,0,2400
FY 2024-25,Ayush Varghese,NWTNL1958C,80,Male,Resident,439227,0,0,218473,50000,0,32220,75184,0,0.0,0.0,281823.0,Old,0,0,0,0,2400
FY 2023-24,Xiti Bandi,YMRAT1039Z,37,Female,Resident,384271,0,0,171020,50000,0,150000,0,0,0.0,0.0,184271.0,Old,0,0,0,0,2400
FY 2023-24,Nandini Master,GDNIM5030T,38,Female,Resident,17205305,2542960,1463017,9596963,50000,0,99272,0,0,0.0,503320.7,16552712.3,Old,5714863,6810072,1095209,0,2400
FY 2024-25,Jai Wagle,EFGGC9623J,78,Male,Resident,3604472,877813,508660,1910399,50000,441113,0,0,0,0.0,0.0,3113359.0,New,648967,700198,51231,0,2400
FY 2023-24,Naksh Mukherjee,JXCYT1445V,29,Male,NRI,373755,0,0,204099,50000,0,0,0,0,0.0,0.0,323755.0,New,1235,1357,122,0,2400
FY 2023-24,Upkaar Ahuja,PTSEZ6498A,71,Male,NRI,1866541,301239,235274,877083,50000,0,0,0,0,0.0,0.0,1816541.0,New,254760,288403,33643,0,2400
FY 2024-25,Nathaniel Pandit,PLNCD1510S,49,Female,Resident,1496308,262387,472633,814607,50000,0,150000,14851,82056,0.0,262387.0,937014.0,Old,103899,97328,0,6571,2400
FY 2023-24,Jeevika Patil,CNTBT2646E,37,Male,Resident,517007,83565,64323,301676,50000,0,150000,35947,0,30188.6,34155.399999999994,216716.0,Old,0,0,0,0,2400
FY 2023-24,Viraj Bala,TXCCP5770P,75,Female,Resident,2390092,422046,255333,1308985,50000,199980,52465,0,0,99268.0,124434.5,1863944.5,Old,383950,451005,67055,0,2400
FY 2024-25,Advaith Agrawal,YWAGV0481B,25,Female,NRI,654026,66812,102949,319874,50000,0,131589,24483,0,88827.0,66812.0,292315.0,Old,2200,2457,257,0,2400
FY 2024-25,Panini Tak,RSXKT5171U,42,Male,Resident,1959165,0,0,1020981,50000,602371,0,0,0,0.0,0.0,1306794.0,New,105413,117486,12073,0,2400
FY 2023-24,Meera Iyengar,OVNTE6437K,77,Female,Resident,692563,85485,114410,289902,50000,415216,79573,9229,0,0.0,85419.8,53125.19999999995,Old,0,0,0,0,2400
FY 2023-24,Geetika Sandhu,DWRWE6472K,57,Male,NRI,2209743,505451,457421,1176359,50000,577996,0,0,0,0.0,0.0,1581747.0,New,181504,205679,24175,0,2400
FY 2023-24,Yashasvi Ramesh,EYHMZ6683E,55,Female,Resident,653194,150834,229956,346407,50000,0,99462,25000,0,0.0,138562.80000000002,340169.19999999995,Old,0,0,0,0,2400
FY 2023-24,Mekhala Kanda,EFNXW3229N,56,Male,Resident,690009,139054,78492,354764,50000,0,150000,3691,0,30542.0,43015.6,412760.4,Old,0,0,0,0,2400
FY 2024-25,Samuel Issac,ISPIN2084K,34,Female,Resident,1012724,193488,218095,523215,50000,200000,83621,0,107399,0.0,165773.5,405930.5,Old,0,0,0,0,2400
FY 2024-25,Arya Pau,UWOJU5995Y,84,Female,NRI,1326579,170151,217692,692548,50000,0,0,0,0,0.0,0.0,1276579.0,New,99128,93682,0,5446,2400
FY 2024-25,Lajita Rastogi,LBGYN6796X,59,Female,Resident,5528475,0,0,2428863,50000,364143,85526,35920,0,0.0,0.0,4992886.0,Old,1362780,1621464,258684,0,2400
FY 2024-25,Falguni Pillay,RLHBG1100H,63,Male,Resident,3231282,0,0,1791709,50000,0,0,0,0,59643.0,0.0,3121639.0,New,651551,571098,0,80453,2400
FY 2023-24,Chanakya Naik,NTJUJ7654R,49,Female,Resident,1427925,276195,475778,694407,50000,0,113473,25000,49046,0.0,276195.0,914211.0,Old,99156,79841,0,19315,2400
FY 2024-25,Ishwar Verma,GWORU6394G,24,Female,Resident,3577975,0,0,1830213,50000,0,0,0,0,0.0,0.0,3527975.0,New,778327,887795,109468,0,2400
FY 2023-24,Vivaan Dar,RUTCZ1796H,74,Male,Resident,3261311,421843,248874,1605703,50000,0,0,0,0,0.0,0.0,3211311.0,New,689928,707345,17417,0,2400
FY 2024-25,Quincy Lad,YGDJO9613S,78,Male,Resident,1997639,0,0,920631,50000,0,0,0,0,0.0,0.0,1947639.0,New,285263,308130,22867,0,2400
FY 2024-25,Damini Varma,DHCFO1542O,58,Female,NRI,4919215,556348,970706,2476851,50000,200000,150000,0,0,0.0,556348.0,3962867.0,Old,1041414,943775,0,97639,2400
FY 2023-24,Siddharth Bhatia,JMOUW4700S,32,Male,Resident,1905901,475011,303984,975353,50000,0,94604,38339,0,89457.0,206448.7,1427052.3,Old,250240,264558,14318,0,2400
FY 2024-25,Turvi Manda,NIBYM6410Q,28,Female,RNOR,4347556,0,0,1812306,50000,0,0,0,0,0.0,0.0,4297556.0,New,1018437,1109727,91290,0,2400
FY 2024-25,Geetika Solanki,QTFZZ4925Z,24,Female,Resident,500552,0,0,237267,50000,0,42192,41699,80129,28653.2,0.0,257878.8,Old,0,0,0,0,2400
FY 2023-24,Ganga Sridhar,ZGTCG6136P,60,Male,Resident,380970,0,0,201647,50000,0,51213,0,0,0.0,0.0,279757.0,Old,0,0,0,0,2400
FY 2023-24,Dhriti Thaker,IKWTA1521J,40,Female,NRI,840208,100806,64386,392729,50000,0,133746,0,0,46656.5,25113.1,584692.4,Old,30616,32367,1751,0,2400
FY 2024-25,Abdul Murthy,MEDSR9704Q,69,Male,Resident,671474,0,0,296753,50000,443401,32634,0,0,42696.0,0.0,102743.0,Old,0,0,0,0,2400
FY 2024-25,Lila Buch,IDWJK4354L,60,Male,Resident,1386495,317405,410682,778808,50000,0,74288,49263,0,0.0,311523.2,901420.8,Old,93895,79755,0,14140,2400
FY 2023-24,Faras Ramanathan,QLNQS8193W,84,Female,Resident,2019208,0,0,912775,50000,0,0,0,0,84455.0,0.0,1884753.0,New,276042,309875,33833,0,2400
FY 2023-24,Gabriel Tiwari,EUEIU1351F,39,Female,Resident,1493900,265289,213584,615514,50000,0,0,0,0,0.0,0.0,1443900.0,New,144331,161456,17125,0,2400
FY 2024-25,Aahana Bansal,KOKVA2716N,67,Female,Resident,5258013,1504520,2542307,3141808,50000,200000,129296,100000,0,0.0,1256723.2,3521993.8,Old,901261,1076985,175724,0,2400
FY 2024-25,Bina Dugar,ALCTB8734R,26,Male,Resident,1001966,0,0,557339,50000,0,0,0,0,0.0,0.0,951966.0,New,47004,45221,0,1783,2400
FY 2023-24,Utkarsh Chandran,HXBHT0505D,22,Female,RNOR,508568,114769,99689,285386,50000,0,44689,0,0,0.0,71150.4,342728.6,Old,4822,5090,268,0,2400
FY 2023-24,Manan Baria,DFIJJ1207A,30,Male,RNOR,373332,0,0,184906,50000,0,53564,12251,0,0.0,0.0,257517.0,Old,391,392,1,0,2400
FY 2023-24,Utkarsh Pradhan,ZQXJV0462M,80,Male,Resident,15381220,0,0,8141217,50000,0,0,0,0,0.0,0.0,15331220.0,New,5142041,4150494,0,991547,2400
FY 2024-25,Nakul Pai,EYQKS8046P,65,Male,RNOR,17871590,0,0,8956507,50000,0,0,0,0,125428.0,0.0,17696162.0,New,5978622,5374233,0,604389,2400
FY 2023-24,Azaan Ahluwalia,DTHYU9422B,53,Female,Resident,3919635,693040,621121,1706781,50000,76306,1430,0,0,0.0,450442.9,3341456.1,Old,847534,956930,109396,0,2400
FY 2023-24,Dhruv Dugar,NOKHJ8323X,26,Female,Resident,589732,145392,219229,322624,50000,0,92685,35770,0,24404.0,129049.6,257823.4,Old,0,0,0,0,2400
FY 2024-25,Jagrati Luthra,KQGIN8022W,60,Male,Resident,3502251,0,0,1808407,50000,0,0,0,0,0.0,0.0,3452251.0,New,754701,796802,42101,0,2400
FY 2024-25,Mohini Divan,DAEKD0408I,81,Female,Resident,663798,124305,84940,304465,50000,0,0,0,0,0.0,0.0,613798.0,New,0,0,0,0,2400
FY 2024-25,Watika Baria,EBHNF3315E,71,Female,Resident,1262323,0,0,685797,50000,405800,0,0,0,0.0,0.0,806523.0,New,31878,25802,0,6076,2400
FY 2024-25,Logan Pant,WXYBK8903O,22,Male,Resident,620715,0,0,302547,50000,0,77382,41884,0,0.0,0.0,451449.0,Old,0,0,0,0,2400
FY 2024-25,Warinder Sule,BZJUO9971O,83,Male,Resident,1984901,460807,401823,984983,50000,0,336,100000,0,186147.62,303324.7,1345092.6800000002,Old,211668,240129,28461,0,2400
FY 2023-24,Vanya Oza,OXOYG2581K,58,Male,Resident,2068462,222444,392139,1063639,50000,443100,0,0,0,0.0,0.0,1575362.0,New,179512,182882,3370,0,2400
FY 2024-25,Jagrati Jha,SHHGW5445M,55,Female,Resident,445290,114429,139906,234567,50000,0,36108,0,0,0.0,93826.8,265355.2,Old,0,0,0,0,2400
FY 2024-25,Ishita Subramanian,OCVFZ2200G,67,Male,Resident,7265198,809475,480421,3047431,50000,200000,118506,42876,0,0.0,175677.89999999997,6678138.1,Old,2074576,2038001,0,36575,2400
FY 2024-25,Zayyan Tailor,SDRHY5073N,64,Female,Resident,6024339,764616,540713,2717246,50000,0,95140,35725,15694,0.0,268988.4,5558791.6,Old,1690417,2025715,335298,0,2400
FY 2023-24,Ekbal Banik,WJPVW8442G,38,Male,Resident,486432,0,0,210113,50000,0,76201,0,0,36023.1,0.0,324207.9,Old,0,0,0,0,2400
FY 2023-24,Amaira Menon,RZVMT9349C,54,Male,RNOR,625797,119614,153711,356433,50000,0,109664,73310,0,0.0,118067.7,274755.3,Old,1287,1476,189,0,2400
FY 2024-25,Jack Salvi,NFKUN9874K,77,Female,Resident,6452336,1036511,943188,3270682,50000,0,10010,19403,0,0.0,616119.8,5756803.2,Old,1758374,1562585,0,195789,2400
FY 2023-24,Kashvi Malhotra,BGTOS8112L,70,Female,Resident,1452695,260180,157892,716125,50000,0,97057,95741,146605,40640.5,86279.5,936372.0,Old,101165,81548,0,19617,2400
FY 2024-25,Samuel Balan,SEUPA5469S,46,Female,Resident,2650549,489334,371278,1139930,50000,0,150000,11864,0,0.0,257285.0,2181400.0,Old,485596,389307,0,96289,2400
FY 2023-24,Bakhshi Sarkar,AJYBL6692F,66,Female,RNOR,597652,77270,82977,299854,50000,0,63214,50000,0,58714.0,52991.6,322732.4,Old,1182,1079,0,103,2400
FY 2023-24,Gunbir Sodhi,MKOOA9084Z,80,Male,Resident,568652,97840,178277,321934,50000,0,49952,24237,0,0.0,97840.0,346623.0,Old,0,0,0,0,2400
FY 2023-24,Jai Dora,TOXDZ3753A,40,Female,Resident,2251686,0,0,1182549,50000,0,0,0,0,0.0,0.0,2201686.0,New,374925,336064,0,38861,2400
FY 2024-25,Om Dara,KLDZH4985Z,44,Male,NRI,764657,171160,92619,436722,50000,0,129088,1624,0,0.0,48946.8,534998.2,Old,20279,17629,0,2650,2400
FY 2024-25,Manan Dugar,WZOIR5313A,33,Female,RNOR,1648688,450526,478493,969819,50000,0,150000,74039,0,0.0,381511.1,993137.9,Old,115572,96122,0,19450,2400
FY 2023-24,Madhav Dyal,UCSSQ8113J,85,Female,Resident,2074288,0,0,866452,50000,0,0,0,0,0.0,0.0,2024288.0,New,319577,276583,0,42994,2400
FY 2024-25,Udyati Borra,SULAF3113U,62,Male,NRI,314804,0,0,177563,50000,0,0,8742,0,74858.82,0.0,181203.18,Old,0,0,0,0,2400
FY 2023-24,Yutika Devi,IYTBH2620X,22,Male,Resident,525128,0,0,301685,50000,0,419,22088,0,0.0,0.0,452621.0,Old,0,0,0,0,2400
FY 2024-25,Vivaan Apte,ALVHZ3027Y,71,Female,Resident,830007,173291,149602,401107,50000,87391,113525,49559,0,22857.0,109491.3,397183.7,Old,0,0,0,0,2400
FY 2024-25,Qasim Contractor,MBXHG2240Y,24,Male,NRI,2324866,488481,331643,1188839,50000,222304,0,0,0,137254.0,0.0,1915308.0,New,275175,317791,42616,0,2400
FY 2023-24,Meghana Gulati,CUIHX5611J,81,Female,Resident,446811,60956,93040,229388,50000,0,129655,0,0,34413.8,60956.0,171786.2,Old,0,0,0,0,2400
FY 2023-24,Advika Palla,KUQRW6882T,73,Female,NRI,2887290,677830,710782,1384843,50000,296296,124150,0,136300,29477.0,572297.7,1678769.2999999998,Old,328775,295558,0,33217,2400
FY 2024-25,Yadavi Keer,GGUWM0007Q,69,Female,Resident,515664,80984,71712,302274,50000,0,150000,5425,0,0.0,41484.6,268754.4,Old,0,0,0,0,2400
FY 2023-24,Oliver Mani,SMVNO2780I,60,Male,Resident,1129520,187377,138162,457225,50000,271274,136576,0,0,71818.0,92439.5,507412.5,Old,11942,9594,0,2348,2400
FY 2024-25,Meera Mitra,OIRIU0477S,26,Female,Resident,2396636,446391,366626,1347700,50000,118361,147825,20489,0,0.0,231856.0,1828105.0,Old,375368,443027,67659,0,2400
FY 2023-24,Shivansh Bahl,TBBVB1584W,83,Male,Resident,10081671,2498838,1808855,5089150,50000,0,48216,17432,52976,0.0,1299940.0,8613107.0,Old,2727218,2731633,4415,0,2400
FY 2023-24,Jhalak Dara,YPOFR5472Y,59,Female,Resident,590677,88771,55471,260989,50000,0,104408,56894,0,0.0,29372.1,350002.9,Old,0,0,0,0,2400
FY 2024-25,George Kaul,PJKSA2179S,24,Male,Resident,2393692,0,0,1131915,50000,515696,0,0,0,0.0,0.0,1827996.0,New,247934,238217,0,9717,2400
FY 2024-25,Yasti Sule,YEHRB9738Q,41,Female,Resident,19156668,4870864,7392129,10988941,50000,0,150000,7692,0,0.0,4395576.4,14553399.6,Old,4997509,5708096,710587,0,2400
FY 2024-25,Vasatika Butala,MYJPT3616L,54,Male,Resident,3656868,748713,636706,2131617,50000,200000,104000,25000,0,74369.5,423544.3,2779954.2,Old,672345,751377,79032,0,2400
FY 2023-24,Frado Kakar,DIBML3404E,77,Male,Resident,3059462,591708,904193,1305549,50000,0,102397,0,0,84455.5,591708.0,2230901.5,Old,498441,555373,56932,0,2400
FY 2024-25,Ekalinga Kaul,GGSNK8590V,24,Male,RNOR,612281,0,0,314640,50000,0,150000,23648,0,10684.0,0.0,377949.0,Old,6653,5826,0,827,2400
FY 2023-24,Faraj Panchal,SAGRK2938D,45,Female,Resident,1764064,0,0,757285,50000,435602,0,0,0,0.0,0.0,1278462.0,New,109920,129725,19805,0,2400
FY 2024-25,Balendra Bhasin,MICCB4714W,81,Male,Resident,7019488,1680152,1386551,3547357,50000,0,150000,57010,0,0.0,1031815.3,5730662.7,Old,1737963,1972954,234991,0,2400
FY 2024-25,Sai Parmar,YTKTD2003Q,50,Female,Resident,309893,0,0,174224,50000,0,0,27310,0,0.0,0.0,232583.0,Old,0,0,0,0,2400
FY 2023-24,Anita Grover,EOMXX1333K,62,Female,Resident,755619,78822,123431,313632,50000,0,68512,0,10893,0.0,78822.0,547392.0,Old,20257,16337,0,3920,2400
FY 2024-25,Nikita Mistry,PQVWT3813P,30,Female,Resident,6727485,1351115,2032518,3608124,50000,696171,6611,22320,0,0.0,1351115.0,4601268.0,Old,1240595,1048239,0,192356,2400
FY 2024-25,Ojasvi Kata,FHDGH7117N,74,Male,NRI,1029881,253214,228813,533682,50000,196674,105433,0,0,0.0,175444.8,502329.2,Old,13484,14671,1187,0,2400
FY 2023-24,Faris Prashad,IWKPW7506F,40,Male,Resident,2305357,0,0,1352646,50000,0,0,0,0,0.0,0.0,2255357.0,New,391671,435721,44050,0,2400
FY 2024-25,Jagat Karnik,DEPXQ0053N,45,Female,Resident,334046,0,0,146113,50000,0,150000,0,0,0.0,0.0,134046.0,Old,0,0,0,0,2400
FY 2023-24,Priya Bala,AWWNX6874W,41,Female,Resident,4132756,598015,683714,1944010,50000,165890,5126,0,0,0.0,489313.0,3422427.0,Old,872797,807132,0,65665,2400
FY 2023-24,Vamakshi Rajagopalan,HHSAR3908S,61,Male,Resident,337059,0,0,168887,50000,0,142627,0,0,0.0,0.0,144432.0,Old,0,0,0,0,2400
FY 2024-25,Samaksh Hari,LQHQH2717K,60,Male,Resident,1786606,185374,233793,775241,50000,0,0,0,0,0.0,0.0,1736606.0,New,219420,232178,12758,0,2400
FY 2024-25,Garima Gole,ROMTV4541D,33,Female,Resident,809011,0,0,395655,50000,0,0,0,0,0.0,0.0,759011.0,New,26937,31780,4843,0,2400
FY 2023-24,Diya Sachar,ZKBWK1134I,80,Female,Resident,2080947,248450,178770,1228359,50000,200000,150000,4282,0,0.0,55934.09999999999,1620730.9,Old,297668,257218,0,40450,2400
FY 2024-25,Chakrika Ahuja,EYLOI2532M,30,Female,Resident,3152794,521904,796868,1813926,50000,0,53962,0,0,192989.0,521904.0,2333939.0,Old,533188,459114,0,74074,2400
FY 2023-24,Niharika Singhal,NRFBN0685E,78,Female,Resident,593918,92312,132694,289271,50000,0,7856,32118,0,0.0,92312.0,411632.0,Old,0,0,0,0,2400
FY 2023-24,Neha Bora,HJFNF0312Y,77,Female,Resident,5745994,1070847,1538285,2815583,50000,482803,0,0,0,0.0,1070847.0,4142344.0,Old,1094811,980417,0,114394,2400
FY 2024-25,Logan Raj,TTVEC8443Z,25,Female,Resident,1616738,219700,347317,702110,50000,125528,101296,44454,0,0.0,219700.0,1075760.0,Old,140637,148010,7373,0,2400
FY 2023-24,Laban Basak,QREBX1105L,31,Female,Resident,6263154,1821702,3230741,3681921,50000,0,150000,37602,0,60403.0,1821702.0,4143447.0,Old,1097755,1101342,3587,0,2400
FY 2024-25,Elijah Natt,CRPUL2394W,79,Male,Resident,460499,0,0,249301,50000,0,93082,51084,0,26633.300000000003,0.0,239699.7,Old,0,0,0,0,2400
FY 2024-25,Widisha Kakar,YAFLJ1995T,50,Female,RNOR,702165,114255,139939,330220,50000,516409,143369,0,25080,0.0,106917.0,0.0,Old,0,0,0,0,2400
FY 2023-24,Raagini Sathe,WSCVC8778F,24,Female,Resident,5710602,971225,1225988,2923688,50000,200000,0,15311,0,0.0,933619.2,4511671.8,Old,1212641,1177948,0,34693,2400
FY 2023-24,Harita Mitra,UNPHO7185G,52,Female,Resident,2329319,277994,463827,1151048,50000,0,67207,13129,0,147775.0,277994.0,1773214.0,Old,358242,379844,21602,0,2400
FY 2023-24,Prisha Ray,OGGMI8546U,26,Female,Resident,610922,93453,136957,254043,50000,200000,150000,24308,0,9316.1,93453.0,83844.9,Old,0,0,0,0,2400
FY 2023-24,Megha Mandal,AGTOY9072S,70,Female,Resident,341077,0,0,137037,50000,0,131247,0,0,15983.0,0.0,143847.0,Old,0,0,0,0,2400
FY 2023-24,Ishwar Tella,DBKWP3470W,45,Female,Resident,737696,125702,90434,399140,50000,0,47491,22882,0,89914.0,50520.0,476889.0,Old,0,0,0,0,2400
FY 2024-25,Baljiwan Master,UHDER7626L,80,Female,NRI,1977026,442419,397811,1014217,50000,0,150000,0,34246,0.0,296389.3,1446390.7,Old,256273,264691,8418,0,2400
FY 2024-25,Victor Yogi,WKDEZ4606P,52,Male,Resident,9545671,2709436,3438114,5431576,50000,175005,150000,20237,0,618356.0,2172630.4,6359442.6,Old,1968060,1624804,0,343256,2400
FY 2024-25,Naveen Bhatti,IBTBR0165V,68,Female,Resident,6838542,1577255,1762570,3882426,50000,0,61333,0,67473,491698.0,1374327.4,4793710.6,Old,1298037,1066572,0,231465,2400
FY 2024-25,Nilima Varughese,QXLOJ9948H,47,Male,Resident,4145759,0,0,1739869,50000,0,0,0,0,0.0,0.0,4095759.0,New,955476,956339,863,0,2400
FY 2024-25,Chaaya Nair,BPXVC3030L,26,Male,Resident,535826,96848,108860,217984,50000,0,19252,0,0,62123.0,87061.6,317389.4,Old,0,0,0,0,2400
FY 2023-24,Ethan Wagle,RZHQZ8402H,79,Female,RNOR,2020015,241375,369260,840890,50000,217520,150000,1338,0,10005.0,241375.0,1349777.0,Old,223530,267088,43558,0,2400
FY 2024-25,Waida Rao,EYOPX9793N,29,Male,Resident,2263507,361662,333753,937506,50000,151262,0,0,0,0.0,0.0,2062245.0,New,321020,270739,0,50281,2400
FY 2024-25,Amrita Rajagopalan,XUGBR2937A,65,Male,Resident,636888,62039,49443,289197,50000,0,72586,17708,0,34591.0,20523.3,441479.7,Old,0,0,0,0,2400
FY 2023-24,Dayita Raju,OAJQW7278K,29,Female,Resident,5121860,0,0,2196317,50000,0,103200,51090,0,0.0,0.0,4917570.0,Old,1339281,1210295,0,128986,2400
FY 2023-24,Ekansh Prasad,OKYPD1996R,23,Male,Resident,3624321,574990,388158,2011502,50000,415637,0,0,0,0.0,0.0,3158684.0,New,673509,672331,0,1178,2400
FY 2023-24,Warda Shanker,FVLUS2976J,74,Female,Resident,14244248,2582740,3352206,7749827,50000,0,62612,89877,0,10343.5,2577223.3,11454192.2,Old,3882524,3786502,0,96022,2400
FY 2024-25,Aishani Soman,EKZOT0263I,40,Female,RNOR,632895,103984,164193,366460,50000,140210,38027,25000,0,0.0,103984.0,275674.0,Old,1335,1337,2,0,2400
FY 2024-25,Urishilla Kale,WSSXF5622L,40,Male,Resident,6352046,0,0,2808277,50000,0,0,0,0,0.0,0.0,6302046.0,New,1808221,1978266,170045,0,2400
FY 2023-24,Xiti Garg,ZAUNN3524W,62,Female,Resident,2247270,303626,393323,1132373,50000,0,0,0,0,0.0,0.0,2197270.0,New,373547,341675,0,31872,2400
FY 2023-24,Theodore Oza,YUCLA2205H,74,Male,NRI,18823524,1786509,2143265,8019336,50000,0,0,0,0,0.0,1341331.4,17432192.6,Old,6030420,5909903,0,120517,2400
FY 2024-25,Urishilla Vig,NZRTD8824L,80,Male,Resident,1315640,157554,202849,542359,50000,0,0,0,0,0.0,0.0,1265640.0,New,96853,83748,0,13105,2400
FY 2023-24,Wridesh Bail,LALCA0876N,31,Female,Resident,384629,0,0,216687,50000,0,79163,25000,0,0.0,0.0,230466.0,Old,0,0,0,0,2400
FY 2023-24,Aditya Mangal,PWZZT5439F,40,Male,Resident,408031,63300,41352,176683,50000,0,49249,45326,0,0.0,23683.7,239772.3,Old,0,0,0,0,2400
FY 2023-24,Leela Chaudhuri,KFRSN9785U,58,Male,Resident,2719097,0,0,1511395,50000,0,0,0,0,113789.0,0.0,2555308.0,New,485255,446664,0,38591,2400
FY 2023-24,Maanas Shankar,XACVQ2492W,59,Female,Resident,315753,0,0,150885,50000,0,91790,19705,0,0.0,0.0,154258.0,Old,0,0,0,0,2400
FY 2024-25,Rayaan Lal,DAICD3278J,46,Female,Resident,15088477,2583221,2876845,7975682,50000,218606,125057,12853,0,0.0,2079276.8,12602684.2,Old,4297592,4135863,0,161729,2400
FY 2023-24,Mohammed Walia,OEKYK0333R,83,Male,Resident,1282459,240646,142211,705966,50000,200000,61349,0,0,36167.5,71614.4,863328.1000000001,Old,75572,70052,0,5520,2400
FY 2024-25,Vamakshi Nanda,FXVSJ2526K,66,Male,Resident,478672,87759,166188,198317,50000,0,150000,0,0,0.0,87759.0,190913.0,Old,0,0,0,0,2400
FY 2023-24,Aahana Acharya,FTYPO0988W,62,Male,Resident,403869,0,0,218302,50000,0,145296,74549,144217,50495.0,0.0,0.0,Old,0,0,0,0,2400
FY 2024-25,Timothy Balay,AMTBD5023Q,46,Male,Resident,441809,106973,153488,241975,50000,0,17643,0,0,26719.300000000003,106973.0,240473.7,Old,0,0,0,0,2400
FY 2023-24,Baghyawati Narayanan,QVCQQ3473U,74,Female,Resident,4020557,696156,477686,1640846,50000,512696,76609,54008,0,0.0,313601.4,3013642.6,Old,742656,679408,0,63248,2400
FY 2023-24,Yutika Dora,IEDPY1038B,32,Female,Resident,626407,86044,122499,339990,50000,0,150000,3756,0,0.0,86044.0,336607.0,Old,0,0,0,0,2400
FY 2024-25,Owen Divan,XIFBL8953F,28,Female,Resident,2271250,429309,269628,1233298,50000,266202,0,0,0,48847.0,0.0,1906201.0,New,272334,243385,0,28949,2400
FY 2024-25,Unnati Amble,GLRFE9434Z,28,Male,Resident,366362,0,0,169366,50000,0,0,35150,0,0.0,0.0,281212.0,Old,0,0,0,0,2400
FY 2023-24,Gayathri Sama,IQTAB3612M,43,Male,Resident,515642,85187,93631,281942,50000,0,30900,0,0,0.0,65436.8,369305.2,Old,0,0,0,0,2400
FY 2024-25,Bimala Vala,WOPCS6533W,64,Male,Resident,670447,147638,129389,332520,50000,132813,139491,0,0,0.0,96137.0,252006.0,Old,0,0,0,0,2400
FY 2024-25,Lekha Dube,VQFSG4440H,30,Female,Resident,551920,69038,112893,227502,50000,0,106011,13571,0,0.0,69038.0,313300.0,Old,0,0,0,0,2400
FY 2024-25,Aayush Mital,VDFJP4514I,83,Male,Resident,355190,0,0,187836,50000,0,38735,11540,0,25491.5,0.0,229423.5,Old,0,0,0,0,2400
FY 2023-24,Atharv Toor,AYRVL8514S,73,Male,Resident,2091307,383805,204810,1147177,50000,0,0,0,0,36979.0,0.0,2004328.0,New,313350,374159,60809,0,2400
FY 2024-25,Aadi Shanker,OEHUR9537L,59,Female,Resident,16959355,2344301,3613605,8444737,50000,0,150000,22169,0,646145.0,2344301.0,13746740.0,Old,4708080,3811877,0,896203,2400
FY 2023-24,Ishita Vora,JCUOL0412F,61,Female,Resident,6126506,0,0,3182974,50000,0,0,0,0,0.0,0.0,6076506.0,New,1742256,1897863,155607,0,2400
FY 2024-25,Om Swaminathan,IJVOC3994R,43,Male,Resident,4493499,0,0,2507429,50000,426717,0,0,0,0.0,0.0,4016782.0,New,930835,789280,0,141555,2400
FY 2023-24,Ojas Chaudhuri,NNEJP2607V,76,Male,Resident,2472035,0,0,1319842,50000,0,0,0,0,131984.2,0.0,2290050.8,New,402495,327986,0,74509,2400
FY 2023-24,Zaitra Zacharia,QVUIU8510C,46,Male,Resident,3825085,740072,631678,2119093,50000,0,150000,75000,0,73540.5,419768.7,3056775.8,Old,758713,766866,8153,0,2400
FY 2024-25,Gopal Kalita,NUXKJ6616Z,85,Male,Resident,795487,115857,75370,343876,50000,0,0,0,0,0.0,0.0,745487.0,New,25530,23996,0,1534,2400
FY 2024-25,Vaishnavi Gokhale,AWCRZ9204X,63,Female,Resident,5655792,610405,1039394,2685003,50000,200000,150000,0,0,0.0,610405.0,4645387.0,Old,1251760,1213371,0,38389,2400
FY 2023-24,Sai Borra,ZTMJQ6772D,59,Female,Resident,668363,0,0,322931,50000,0,0,0,0,0.0,0.0,618363.0,New,0,0,0,0,2400
FY 2024-25,Anita Bala,FBRIT3630E,22,Female,Resident,7122186,799803,1444078,3900278,50000,54527,272,0,0,141669.5,799803.0,6075914.5,Old,1870753,2025798,155045,0,2400
FY 2023-24,Upadhriti Puri,AIGPJ4793G,50,Female,Resident,707725,94887,123011,320735,50000,0,66727,0,0,31125.0,90937.5,468935.5,Old,0,0,0,0,2400
FY 2023-24,Lipika Saha,LJWUA2305D,83,Male,Resident,1761883,0,0,775938,50000,200000,52816,55107,0,111705.8,0.0,1292254.2,Old,195183,231692,36509,0,2400
FY 2023-24,Umang Bains,WQZEI9278E,76,Female,Resident,358404,0,0,184276,50000,0,129894,0,0,0.0,0.0,178510.0,Old,0,0,0,0,2400
FY 2024-25,Mitesh Bhasin,CMNOS6180G,69,Female,Resident,18820775,1692640,2655741,7615785,50000,132133,150000,0,0,0.0,1692640.0,16796002.0,Old,5799165,5724150,0,75015,2400
FY 2023-24,Urvi Karan,NBCCE3903G,70,Female,Resident,1370069,0,0,653602,50000,181396,88644,50000,0,0.0,0.0,1000029.0,Old,114408,97870,0,16538,2400
FY 2024-25,Nirja Malhotra,HBSRR2668C,85,Male,Resident,2320842,475620,573636,986365,50000,403134,39544,0,0,0.0,394546.0,1433618.0,Old,239288,223861,0,15427,2400
FY 2024-25,Chanakya Chatterjee,LUNXJ3210L,23,Male,Resident,380086,0,0,178085,50000,0,150000,0,0,0.0,0.0,180086.0,Old,0,0,0,0,2400
FY 2024-25,Laban Raman,OASNE2798X,79,Male,Resident,6220821,595782,867387,2935225,50000,0,0,37606,0,0.0,573864.5,5559350.5,Old,1690608,1639353,0,51255,2400
FY 2023-24,Yagnesh Shanker,GJXSC3020R,61,Male,Resident,2053735,184235,303452,857048,50000,0,0,0,0,0.0,0.0,2003735.0,New,313164,281906,0,31258,2400
FY 2023-24,Avni Saxena,JGSJF2331K,44,Male,NRI,1129061,0,0,511005,50000,0,0,0,0,0.0,0.0,1079061.0,New,74733,80501,5768,0,2400
FY 2023-24,Zehaan Garg,HXAIK1496W,26,Female,Resident,2347455,445034,521571,1041112,50000,0,0,11921,0,27019.5,416444.8000000001,1842069.7,Old,379725,409601,29876,0,2400
FY 2023-24,Siddharth Oommen,KHXAV6027L,75,Female,Resident,1773616,0,0,726727,50000,213622,0,0,0,0.0,0.0,1509994.0,New,159117,162710,3593,0,2400
FY 2023-24,Krisha Narain,DZTSN8225F,73,Male,NRI,323364,0,0,173942,50000,0,0,73215,0,0.0,0.0,200149.0,Old,0,0,0,0,2400
FY 2023-24,Zehaan Wable,BUERK2658F,71,Male,Resident,4310658,0,0,2298510,50000,0,0,0,0,0.0,0.0,4260658.0,New,1017324,1039504,22180,0,2400
FY 2024-25,Krishna Sastry,TLHGQ9780S,75,Female,Resident,679071,117354,146051,280020,50000,0,60021,19282,0,0.0,117354.0,432414.0,Old,0,0,0,0,2400
FY 2023-24,Pahal Dugar,DDXLJ9038H,54,Female,Resident,393492,0,0,197899,50000,0,0,0,146691,0.0,0.0,196801.0,Old,0,0,0,0,2400
FY 2024-25,Falan Keer,PYSCQ9258Z,69,Female,Resident,1814153,317927,220142,1025548,50000,0,0,0,0,0.0,0.0,1764153.0,New,228015,194146,0,33869,2400
